index,x,y
0,-10.058900000000001,5.37392
1,-10.0839,5.34892
2,-10.108900000000002,5.34892
3,-10.1339,5.34892
4,-10.158900000000001,5.34892
5,-10.183900000000001,5.34892
6,-10.2089,5.34892
7,-10.233900000000002,5.323919999999999
8,-10.2589,5.323919999999999
9,-10.283900000000001,5.298920000000001
10,-10.308900000000001,5.27392
11,-10.3339,5.24892
12,-10.358900000000002,5.22392
13,-10.358900000000002,5.198919999999999
14,-10.3839,5.173920000000001
15,-10.3839,5.14892
16,-10.408900000000001,5.12392
17,-10.408900000000001,5.09892
18,-10.433900000000001,5.073919999999999
19,-10.433900000000001,5.048920000000001
20,-10.433900000000001,5.02392
21,-10.4589,4.99892
22,-10.4589,4.97392
23,-10.4589,4.948919999999999
24,-10.483900000000002,4.923920000000001
25,-10.483900000000002,4.89892
26,-10.483900000000002,4.87392
27,-10.5089,4.84892
28,-10.5089,4.823919999999999
29,-10.5089,4.798920000000001
30,-10.5089,4.77392
31,-10.5089,4.74892
32,-10.533900000000001,4.72392
33,-10.533900000000001,4.698919999999999
34,-10.533900000000001,4.673920000000001
35,-10.533900000000001,4.64892
36,-10.533900000000001,4.62392
37,-10.533900000000001,4.59892
38,-10.533900000000001,4.573919999999999
39,-10.533900000000001,4.548920000000001
40,-10.533900000000001,4.52392
41,-10.558900000000001,4.49892
42,-10.558900000000001,4.47392
43,-10.558900000000001,4.448919999999999
44,-10.558900000000001,4.423920000000001
45,-10.558900000000001,4.39892
46,-10.558900000000001,4.37392
47,-10.558900000000001,4.34892
48,-10.558900000000001,4.323919999999999
49,-10.558900000000001,4.298920000000001
50,-10.558900000000001,4.27392
51,-10.558900000000001,4.24892
52,-10.558900000000001,4.22392
53,-10.558900000000001,4.198919999999999
54,-10.558900000000001,4.173920000000001
55,-10.558900000000001,4.14892
56,-10.558900000000001,4.12392
57,-10.558900000000001,4.09892
58,-10.558900000000001,4.073919999999999
59,-10.558900000000001,4.048920000000001
60,-10.558900000000001,4.02392
61,-10.558900000000001,3.99892
62,-10.5839,3.9739199999999997
63,-10.5839,3.9489199999999993
64,-10.5839,3.9239200000000007
65,-10.5839,3.8989200000000004
66,-10.5839,3.87392
67,-10.5839,3.8489199999999997
68,-10.5839,3.8239199999999993
69,-10.5839,3.7989200000000007
70,-10.5839,3.7739200000000004
71,-10.5839,3.74892
72,-10.5839,3.7239199999999997
73,-10.5839,3.6989199999999993
74,-10.5839,3.6739200000000007
75,-10.5839,3.6489200000000004
76,-10.5839,3.62392
77,-10.5839,3.5989199999999997
78,-10.5839,3.5739199999999993
79,-10.5839,3.5489200000000007
80,-10.5839,3.5239200000000004
81,-10.5839,3.49892
82,-10.5839,3.4739199999999997
83,-10.5839,3.4489199999999993
84,-10.5839,3.4239200000000007
85,-10.5839,3.3989200000000004
86,-10.5839,3.37392
87,-10.5839,3.3489199999999997
88,-10.5839,3.3239199999999993
89,-10.5839,3.2989200000000007
90,-10.608900000000002,3.2739200000000004
91,-10.608900000000002,3.24892
92,-10.5839,3.2239199999999997
93,-10.5839,3.1989199999999993
94,-10.5839,3.1739200000000007
95,-10.5839,3.1489200000000004
96,-10.558900000000001,3.12392
97,-10.558900000000001,3.0989199999999997
98,-10.558900000000001,3.0739199999999993
99,-10.533900000000001,3.0489200000000007
100,-10.533900000000001,3.0239200000000004
101,-10.533900000000001,2.99892
102,-10.5089,2.9739199999999997
103,-10.5089,2.9489199999999993
104,-10.5089,2.9239200000000007
105,-10.483900000000002,2.8989200000000004
106,-10.483900000000002,2.87392
107,-10.4589,2.8489199999999997
108,-10.4589,2.8239199999999993
109,-10.4589,2.7989200000000007
110,-10.433900000000001,2.7739200000000004
111,-10.433900000000001,2.74892
112,-10.408900000000001,2.7239199999999997
113,-10.3839,2.6989199999999993
114,-10.358900000000002,2.6739200000000007
115,-10.3339,2.6489200000000004
116,-10.308900000000001,2.62392
117,-10.308900000000001,2.5989199999999997
118,-10.283900000000001,2.5739199999999993
119,-10.2589,2.5739199999999993
120,-10.233900000000002,2.5489200000000007
121,-10.2089,2.5239200000000004
122,-10.183900000000001,2.49892
123,-10.158900000000001,2.49892
124,-10.1339,2.4739199999999997
125,-10.108900000000002,2.4489199999999993
126,-10.0839,2.4489199999999993
127,-10.058900000000001,2.4239200000000007
128,-10.033900000000001,2.4239200000000007
129,-10.0089,2.4239200000000007
130,-9.983900000000002,2.4239200000000007
131,-9.9589,2.3989200000000004
132,-9.933900000000001,2.3989200000000004
133,-9.908900000000001,2.3989200000000004
134,-9.8839,2.3989200000000004
135,-9.8589,2.3989200000000004
136,-9.833900000000002,2.37392
137,-9.808900000000001,2.37392
138,-9.783900000000001,2.37392
139,-9.7589,2.3489199999999997
140,-9.7339,2.3489199999999997
141,-9.708900000000002,2.3239199999999993
142,-9.683900000000001,2.2989200000000007
143,-9.658900000000001,2.2739200000000004
144,-9.6339,2.2739200000000004
145,-9.6089,2.2739200000000004
146,-9.583900000000002,2.24892
147,-9.558900000000001,2.24892
148,-9.533900000000001,2.24892
149,-9.5089,2.24892
150,-9.4839,2.2239199999999997
151,-9.458900000000002,2.2239199999999997
152,-9.433900000000001,2.1989199999999993
153,-9.433900000000001,2.1739200000000007
154,-9.408900000000001,2.1489200000000004
155,-9.3839,2.12392
156,-9.3839,2.0989199999999997
157,-9.3839,2.0739199999999993
158,-9.3839,2.0489200000000007
159,-9.3839,2.0239200000000004
160,-9.3589,1.99892
161,-9.3589,1.9739199999999997
162,-9.3589,1.9489199999999993
163,-9.3589,1.9239200000000007
164,-9.3589,1.8989200000000004
165,-9.3589,1.87392
166,-9.333900000000002,1.8489199999999997
167,-9.333900000000002,1.8239199999999993
168,-9.333900000000002,1.7989200000000007
169,-9.333900000000002,1.7739200000000004
170,-9.333900000000002,1.74892
171,-9.308900000000001,1.7239199999999997
172,-9.308900000000001,1.6989199999999993
173,-9.308900000000001,1.6739200000000007
174,-9.308900000000001,1.6489200000000004
175,-9.283900000000001,1.62392
176,-9.283900000000001,1.5989199999999997
177,-9.283900000000001,1.5739199999999993
178,-9.283900000000001,1.5489200000000007
179,-9.2589,1.5239200000000004
180,-9.2589,1.49892
181,-9.2589,1.4739199999999997
182,-9.2339,1.4489199999999993
183,-9.2339,1.4239200000000007
184,-9.208900000000002,1.3989200000000004
185,-9.208900000000002,1.37392
186,-9.183900000000001,1.3489199999999997
187,-9.183900000000001,1.3239199999999993
188,-9.158900000000001,1.2989200000000007
189,-9.1339,1.2739200000000004
190,-9.1089,1.24892
191,-9.083900000000002,1.24892
192,-9.058900000000001,1.2239199999999997
193,-9.033900000000001,1.1989199999999993
194,-9.0089,1.1989199999999993
195,-8.9839,1.1739200000000007
196,-8.958900000000002,1.1739200000000007
197,-8.933900000000001,1.1489200000000004
198,-8.908900000000001,1.1489200000000004
199,-8.8839,1.1489200000000004
200,-8.8589,1.12392
201,-8.833900000000002,1.12392
202,-8.808900000000001,1.12392
203,-8.783900000000001,1.12392
204,-8.7589,1.12392
205,-8.7339,1.12392
206,-8.708900000000002,1.12392
207,-8.683900000000001,1.12392
208,-8.658900000000001,1.12392
209,-8.6339,1.0989199999999997
210,-8.6089,1.0989199999999997
211,-8.583900000000002,1.0989199999999997
212,-8.558900000000001,1.0989199999999997
213,-8.533900000000001,1.0989199999999997
214,-8.5089,1.0989199999999997
215,-8.4839,1.0989199999999997
216,-8.458900000000002,1.0989199999999997
217,-8.433900000000001,1.0989199999999997
218,-8.408900000000001,1.0739199999999993
219,-8.3839,1.0739199999999993
220,-8.3589,1.0739199999999993
221,-8.3339,1.0739199999999993
222,-8.308900000000001,1.0739199999999993
223,-8.283900000000001,1.0739199999999993
224,-8.2589,1.0739199999999993
225,-8.2339,1.0739199999999993
226,-8.2089,1.0739199999999993
227,-8.183900000000001,1.0739199999999993
228,-8.158900000000001,1.0739199999999993
229,-8.1339,1.0739199999999993
230,-8.1089,1.0739199999999993
231,-8.0839,1.0739199999999993
232,-8.058900000000001,1.0739199999999993
233,-8.033900000000001,1.0739199999999993
234,-8.0089,1.0739199999999993
235,-7.9839,1.0739199999999993
236,-7.9589,1.0739199999999993
237,-7.933900000000001,1.0739199999999993
238,-7.908900000000001,1.0739199999999993
239,-7.883900000000001,1.0739199999999993
240,-7.8589,1.0739199999999993
241,-7.8339,1.0739199999999993
242,-7.808900000000001,1.0739199999999993
243,-7.783900000000001,1.0739199999999993
244,-7.758900000000001,1.0739199999999993
245,-7.7339,1.048919999999999
246,-7.7089,1.048919999999999
247,-7.683900000000001,1.048919999999999
248,-7.658900000000001,1.048919999999999
249,-7.633900000000001,1.048919999999999
250,-7.6089,1.048919999999999
251,-7.5839,1.048919999999999
252,-7.558900000000001,1.048919999999999
253,-7.533900000000001,1.048919999999999
254,-7.508900000000001,1.048919999999999
255,-7.4839,1.048919999999999
256,-7.4589,1.048919999999999
257,-7.433900000000001,1.048919999999999
258,-7.408900000000001,1.048919999999999
259,-7.383900000000001,1.048919999999999
260,-7.3589,1.048919999999999
261,-7.3339,1.048919999999999
262,-7.308900000000001,1.048919999999999
263,-7.283900000000001,1.048919999999999
264,-7.258900000000001,1.048919999999999
265,-7.2339,1.048919999999999
266,-7.2089,1.0239200000000004
267,-7.183900000000001,1.0239200000000004
268,-7.158900000000001,1.0239200000000004
269,-7.133900000000001,1.0239200000000004
270,-7.1089,1.0239200000000004
271,-7.0839,1.0239200000000004
272,-7.058900000000001,1.0239200000000004
273,-7.033900000000001,1.0239200000000004
274,-7.008900000000001,1.0239200000000004
275,-6.9839,1.0239200000000004
276,-6.9589,1.0239200000000004
277,-6.933900000000001,1.0239200000000004
278,-6.908900000000001,1.0239200000000004
279,-6.883900000000001,1.0239200000000004
280,-6.8589,1.0239200000000004
281,-6.8339,1.0239200000000004
282,-6.808900000000001,1.0239200000000004
283,-6.783900000000001,1.0239200000000004
284,-6.758900000000001,1.0239200000000004
285,-6.7339,1.0239200000000004
286,-6.7089,1.0239200000000004
287,-6.683900000000001,1.0239200000000004
288,-6.658900000000001,1.0239200000000004
289,-6.633900000000001,1.0239200000000004
290,-6.6089,0.99892
291,-6.5839,0.99892
292,-6.558900000000001,0.99892
293,-6.533900000000001,0.99892
294,-6.508900000000001,0.99892
295,-6.4839,0.99892
296,-6.4589,0.99892
297,-6.433900000000001,0.99892
298,-6.408900000000001,0.99892
299,-6.383900000000001,0.99892
300,-6.3589,0.99892
301,-6.3339,0.99892
302,-6.308900000000001,0.99892
303,-6.283900000000001,0.99892
304,-6.258900000000001,0.99892
305,-6.2339,0.99892
306,-6.2089,0.99892
307,-6.183900000000001,0.99892
308,-6.158900000000001,0.99892
309,-6.133900000000001,0.99892
310,-6.1089,0.99892
311,-6.0839,0.99892
312,-6.058900000000001,0.9739199999999997
313,-6.033900000000001,0.9739199999999997
314,-6.008900000000001,0.9739199999999997
315,-5.9839,0.9739199999999997
316,-5.9589,0.9739199999999997
317,-5.933900000000001,0.9739199999999997
318,-5.908900000000001,0.9739199999999997
319,-5.883900000000001,0.9739199999999997
320,-5.8589,0.9739199999999997
321,-5.8339,0.9739199999999997
322,-5.808900000000001,0.9739199999999997
323,-5.783900000000001,0.9739199999999997
324,-5.758900000000001,0.9739199999999997
325,-5.7339,0.9739199999999997
326,-5.7089,0.9739199999999997
327,-5.683900000000001,0.9739199999999997
328,-5.658900000000001,0.9739199999999997
329,-5.633900000000001,0.9739199999999997
330,-5.6089,0.9489199999999993
331,-5.5839,0.9489199999999993
332,-5.558900000000001,0.9489199999999993
333,-5.533900000000001,0.9489199999999993
334,-5.508900000000001,0.9489199999999993
335,-5.4839,0.9489199999999993
336,-5.4589,0.923919999999999
337,-5.433900000000001,0.923919999999999
338,-5.408900000000001,0.923919999999999
339,-5.383900000000001,0.923919999999999
340,-5.3589,0.923919999999999
341,-5.3339,0.923919999999999
342,-5.308900000000001,0.8989200000000004
343,-5.283900000000001,0.8989200000000004
344,-5.258900000000001,0.8989200000000004
345,-5.2339,0.8989200000000004
346,-5.2089,0.8989200000000004
347,-5.183900000000001,0.8989200000000004
348,-5.158900000000001,0.87392
349,-5.133900000000001,0.87392
350,-5.1089,0.87392
351,-5.0839,0.87392
352,-5.058900000000001,0.87392
353,-5.033900000000001,0.87392
354,-5.008900000000001,0.87392
355,-4.9839,0.87392
356,-4.9589,0.8489199999999997
357,-4.933900000000001,0.8489199999999997
358,-4.908900000000001,0.8489199999999997
359,-4.883900000000001,0.8489199999999997
360,-4.8589,0.8239199999999993
361,-4.8339,0.8239199999999993
362,-4.808900000000001,0.8239199999999993
363,-4.783900000000001,0.8239199999999993
364,-4.758900000000001,0.8239199999999993
365,-4.7339,0.8239199999999993
366,-4.7089,0.8239199999999993
367,-4.683900000000001,0.8239199999999993
368,-4.658900000000001,0.798919999999999
369,-4.633900000000001,0.798919999999999
370,-4.6089,0.798919999999999
371,-4.5839,0.7739200000000004
372,-4.558900000000001,0.7739200000000004
373,-4.533900000000001,0.7739200000000004
374,-4.508900000000001,0.7739200000000004
375,-4.4839,0.7739200000000004
376,-4.4589,0.7739200000000004
377,-4.433900000000001,0.7739200000000004
378,-4.408900000000001,0.74892
379,-4.383900000000001,0.74892
380,-4.3589,0.74892
381,-4.3339,0.74892
382,-4.308900000000001,0.7239199999999997
383,-4.283900000000001,0.7239199999999997
384,-4.258900000000001,0.7239199999999997
385,-4.2339,0.7239199999999997
386,-4.2089,0.7239199999999997
387,-4.183900000000001,0.7239199999999997
388,-4.158900000000001,0.7239199999999997
389,-4.133900000000001,0.7239199999999997
390,-4.1089,0.7239199999999997
391,-4.0839,0.7239199999999997
392,-4.058900000000001,0.7239199999999997
393,-4.033900000000001,0.7239199999999997
394,-4.008900000000001,0.7239199999999997
395,-3.9839,0.7239199999999997
396,-3.9589,0.7239199999999997
397,-3.9339000000000013,0.7239199999999997
398,-3.908900000000001,0.7239199999999997
399,-3.8839000000000006,0.7239199999999997
400,-3.8589,0.7239199999999997
401,-3.8339,0.7239199999999997
402,-3.8089000000000013,0.7239199999999997
403,-3.783900000000001,0.7239199999999997
404,-3.7589000000000006,0.7239199999999997
405,-3.7339,0.7239199999999997
406,-3.7089,0.7239199999999997
407,-3.6839000000000013,0.7239199999999997
408,-3.658900000000001,0.6989199999999993
409,-3.6339000000000006,0.6989199999999993
410,-3.6089,0.6989199999999993
411,-3.5839,0.6989199999999993
412,-3.5589000000000013,0.6989199999999993
413,-3.533900000000001,0.6989199999999993
414,-3.5089000000000006,0.6989199999999993
415,-3.4839,0.6989199999999993
416,-3.4589,0.673919999999999
417,-3.4339000000000013,0.673919999999999
418,-3.408900000000001,0.673919999999999
419,-3.3839000000000006,0.673919999999999
420,-3.3589,0.673919999999999
421,-3.3339,0.673919999999999
422,-3.3089000000000013,0.673919999999999
423,-3.283900000000001,0.673919999999999
424,-3.2589000000000006,0.673919999999999
425,-3.2339,0.673919999999999
426,-3.2089,0.673919999999999
427,-3.1839000000000013,0.673919999999999
428,-3.158900000000001,0.673919999999999
429,-3.1339000000000006,0.673919999999999
430,-3.1089,0.673919999999999
431,-3.0839,0.673919999999999
432,-3.0589000000000013,0.673919999999999
433,-3.033900000000001,0.673919999999999
434,-3.0089000000000006,0.673919999999999
435,-2.9839,0.673919999999999
436,-2.9589,0.673919999999999
437,-2.9339000000000013,0.673919999999999
438,-2.908900000000001,0.673919999999999
439,-2.8839000000000006,0.673919999999999
440,-2.8589,0.673919999999999
441,-2.8339,0.673919999999999
442,-2.8089000000000013,0.673919999999999
443,-2.783900000000001,0.673919999999999
444,-2.7589000000000006,0.673919999999999
445,-2.7339,0.673919999999999
446,-2.7089,0.673919999999999
447,-2.6839000000000013,0.673919999999999
448,-2.658900000000001,0.6489200000000004
449,-2.6339000000000006,0.6489200000000004
450,-2.6089,0.6489200000000004
451,-2.5839,0.6489200000000004
452,-2.5589000000000013,0.6489200000000004
453,-2.533900000000001,0.6489200000000004
454,-2.5089000000000006,0.6489200000000004
455,-2.4839,0.6489200000000004
456,-2.4589,0.6489200000000004
457,-2.4339000000000013,0.6489200000000004
458,-2.408900000000001,0.6489200000000004
459,-2.3839000000000006,0.6489200000000004
460,-2.3589,0.6489200000000004
461,-2.3339,0.6489200000000004
462,-2.3089000000000013,0.6489200000000004
463,-2.283900000000001,0.6489200000000004
464,-2.2589000000000006,0.6489200000000004
465,-2.2339,0.6489200000000004
466,-2.2089,0.6489200000000004
467,-2.1839000000000013,0.6489200000000004
468,-2.158900000000001,0.6489200000000004
469,-2.1339000000000006,0.6489200000000004
470,-2.1089,0.6489200000000004
471,-2.0839,0.6489200000000004
472,-2.0589000000000013,0.6489200000000004
473,-2.033900000000001,0.6489200000000004
474,-2.0089000000000006,0.6489200000000004
475,-1.9839000000000002,0.6489200000000004
476,-1.9588999999999999,0.6489200000000004
477,-1.9339000000000013,0.6489200000000004
478,-1.9088999999999992,0.6489200000000004
479,-1.8839000000000006,0.6489200000000004
480,-1.858900000000002,0.6489200000000004
481,-1.8338999999999999,0.62392
482,-1.8089000000000013,0.62392
483,-1.7838999999999992,0.62392
484,-1.7589000000000006,0.62392
485,-1.733900000000002,0.62392
486,-1.7088999999999999,0.62392
487,-1.6839000000000013,0.62392
488,-1.6588999999999992,0.62392
489,-1.6339000000000006,0.62392
490,-1.608900000000002,0.62392
491,-1.5838999999999999,0.62392
492,-1.5589000000000013,0.62392
493,-1.5338999999999992,0.62392
494,-1.5089000000000006,0.62392
495,-1.483900000000002,0.6489200000000004
496,-1.4588999999999999,0.6489200000000004
497,-1.4339000000000013,0.62392
498,-1.4088999999999992,0.62392
499,-1.3839000000000006,0.62392
500,-1.358900000000002,0.62392
501,-1.3338999999999999,0.62392
502,-1.3089000000000013,0.62392
503,-1.2838999999999992,0.62392
504,-1.2589000000000006,0.62392
505,-1.233900000000002,0.6489200000000004
506,-1.2088999999999999,0.6489200000000004
507,-1.1839000000000013,0.62392
508,-1.1588999999999992,0.62392
509,-1.1339000000000006,0.62392
510,-1.108900000000002,0.62392
511,-1.0838999999999999,0.62392
512,-1.0589000000000013,0.62392
513,-1.0338999999999992,0.62392
514,-1.0089000000000006,0.6489200000000004
515,-0.983900000000002,0.6489200000000004
516,-0.9588999999999999,0.6489200000000004
517,-0.9339000000000013,0.6489200000000004
518,-0.9088999999999992,0.6489200000000004
519,-0.8839000000000006,0.6489200000000004
520,-0.858900000000002,0.6489200000000004
521,-0.8338999999999999,0.6489200000000004
522,-0.8089000000000013,0.6489200000000004
523,-0.7838999999999992,0.6489200000000004
524,-0.7589000000000006,0.62392
525,-0.733900000000002,0.5989199999999997
526,-0.7088999999999999,0.5989199999999997
527,-0.6839000000000013,0.5739199999999993
528,-0.6588999999999992,0.5739199999999993
529,-0.6339000000000006,0.548919999999999
530,-0.608900000000002,0.5239200000000004
531,-0.5838999999999999,0.5239200000000004
532,-0.5589000000000013,0.49892000000000003
533,-0.5338999999999992,0.49892000000000003
534,-0.5089000000000006,0.4739199999999997
535,-0.483900000000002,0.4739199999999997
536,-0.45889999999999986,0.4739199999999997
537,-0.4339000000000013,0.4489199999999993
538,-0.40889999999999915,0.4489199999999993
539,-0.3839000000000006,0.42391999999999896
540,-0.358900000000002,0.42391999999999896
541,-0.33389999999999986,0.42391999999999896
542,-0.3089000000000013,0.3989200000000004
543,-0.28389999999999915,0.3989200000000004
544,-0.2589000000000006,0.3989200000000004
545,-0.233900000000002,0.3989200000000004
546,-0.20889999999999986,0.37392000000000003
547,-0.18390000000000128,0.37392000000000003
548,-0.15889999999999915,0.3489199999999997
549,-0.13390000000000057,0.3489199999999997
550,-0.108900000000002,0.3489199999999997
551,-0.08389999999999986,0.3489199999999997
552,-0.058900000000001285,0.3489199999999997
553,-0.03389999999999915,0.3239199999999993
554,-0.008900000000000574,0.3239199999999993
555,0.016099999999998005,0.3239199999999993
556,0.041100000000000136,0.29891999999999896
557,0.06609999999999872,0.29891999999999896
558,0.09110000000000085,0.29891999999999896
559,0.11609999999999943,0.29891999999999896
560,0.141099999999998,0.29891999999999896
561,0.16610000000000014,0.29891999999999896
562,0.19109999999999872,0.29891999999999896
563,0.21610000000000085,0.29891999999999896
564,0.24109999999999943,0.29891999999999896
565,0.266099999999998,0.2739200000000004
566,0.29110000000000014,0.2739200000000004
567,0.3160999999999987,0.2739200000000004
568,0.34110000000000085,0.2739200000000004
569,0.3660999999999994,0.2739200000000004
570,0.391099999999998,0.2739200000000004
571,0.41610000000000014,0.2739200000000004
572,0.4410999999999987,0.2739200000000004
573,0.46610000000000085,0.24892000000000003
574,0.4910999999999994,0.24892000000000003
575,0.516099999999998,0.24892000000000003
576,0.5411000000000001,0.24892000000000003
577,0.5660999999999987,0.24892000000000003
578,0.5911000000000008,0.24892000000000003
579,0.6160999999999994,0.24892000000000003
580,0.641099999999998,0.24892000000000003
581,0.6661000000000001,0.22391999999999967
582,0.6910999999999987,0.22391999999999967
583,0.7161000000000008,0.22391999999999967
584,0.7410999999999994,0.22391999999999967
585,0.766099999999998,0.22391999999999967
586,0.7911000000000001,0.22391999999999967
587,0.8160999999999987,0.22391999999999967
588,0.8411000000000008,0.22391999999999967
589,0.8660999999999994,0.22391999999999967
590,0.891099999999998,0.22391999999999967
591,0.9161000000000001,0.19891999999999932
592,0.9410999999999987,0.19891999999999932
593,0.9661000000000008,0.19891999999999932
594,0.9910999999999994,0.17391999999999896
595,1.016099999999998,0.17391999999999896
596,1.0411000000000001,0.17391999999999896
597,1.0660999999999987,0.17391999999999896
598,1.0911000000000008,0.17391999999999896
599,1.1160999999999994,0.17391999999999896
600,1.141099999999998,0.17391999999999896
601,1.1661000000000001,0.17391999999999896
602,1.1910999999999987,0.17391999999999896
603,1.2161000000000008,0.17391999999999896
604,1.2410999999999994,0.17391999999999896
605,1.2661000000000016,0.17391999999999896
606,1.2911000000000001,0.14892000000000039
607,1.3160999999999987,0.14892000000000039
608,1.3411000000000008,0.14892000000000039
609,1.3660999999999994,0.14892000000000039
610,1.3911000000000016,0.14892000000000039
611,1.4161000000000001,0.14892000000000039
612,1.4410999999999987,0.14892000000000039
613,1.4661000000000008,0.14892000000000039
614,1.4910999999999994,0.14892000000000039
615,1.5161000000000016,0.14892000000000039
616,1.5411000000000001,0.14892000000000039
617,1.5660999999999987,0.12392000000000003
618,1.5911000000000008,0.12392000000000003
619,1.6160999999999994,0.12392000000000003
620,1.6411000000000016,0.12392000000000003
621,1.6661000000000001,0.12392000000000003
622,1.6910999999999987,0.12392000000000003
623,1.7161000000000008,0.12392000000000003
624,1.7410999999999994,0.12392000000000003
625,1.7661000000000016,0.12392000000000003
626,1.7911000000000001,0.12392000000000003
627,1.8160999999999987,0.12392000000000003
628,1.8411000000000008,0.12392000000000003
629,1.8660999999999994,0.09891999999999967
630,1.8911000000000016,0.09891999999999967
631,1.9161000000000001,0.09891999999999967
632,1.9410999999999987,0.09891999999999967
633,1.9661000000000008,0.09891999999999967
634,1.9910999999999994,0.09891999999999967
635,2.0161000000000016,0.09891999999999967
636,2.0411,0.09891999999999967
637,2.0660999999999987,0.09891999999999967
638,2.091100000000001,0.09891999999999967
639,2.1160999999999994,0.09891999999999967
640,2.1411000000000016,0.09891999999999967
641,2.1661,0.09891999999999967
642,2.1910999999999987,0.07391999999999932
643,2.216100000000001,0.07391999999999932
644,2.2410999999999994,0.07391999999999932
645,2.2661000000000016,0.07391999999999932
646,2.2911,0.07391999999999932
647,2.3160999999999987,0.07391999999999932
648,2.341100000000001,0.07391999999999932
649,2.3660999999999994,0.07391999999999932
650,2.3911000000000016,0.07391999999999932
651,2.4161,0.07391999999999932
652,2.4410999999999987,0.07391999999999932
653,2.466100000000001,0.07391999999999932
654,2.4910999999999994,0.07391999999999932
655,2.5161000000000016,0.07391999999999932
656,2.5411,0.07391999999999932
657,2.5660999999999987,0.07391999999999932
658,2.591100000000001,0.048919999999998964
659,2.6160999999999994,0.048919999999998964
660,2.6411000000000016,0.048919999999998964
661,2.6661,0.048919999999998964
662,2.6910999999999987,0.048919999999998964
663,2.716100000000001,0.048919999999998964
664,2.7410999999999994,0.048919999999998964
665,2.7661000000000016,0.048919999999998964
666,2.7911,0.048919999999998964
667,2.8160999999999987,0.048919999999998964
668,2.841100000000001,0.048919999999998964
669,2.8660999999999994,0.048919999999998964
670,2.8911000000000016,0.048919999999998964
671,2.9161,0.048919999999998964
672,2.9410999999999987,0.023920000000000385
673,2.966100000000001,0.023920000000000385
674,2.9910999999999994,0.023920000000000385
675,3.0161000000000016,0.023920000000000385
676,3.0411,0.023920000000000385
677,3.0660999999999987,0.023920000000000385
678,3.091100000000001,0.023920000000000385
679,3.1160999999999994,0.023920000000000385
680,3.1411000000000016,0.023920000000000385
681,3.1661,0.023920000000000385
682,3.1910999999999987,0.023920000000000385
683,3.216100000000001,0.023920000000000385
684,3.2410999999999994,-0.0010799999999999699
685,3.2661000000000016,-0.0010799999999999699
686,3.2911,-0.0010799999999999699
687,3.3160999999999987,-0.0010799999999999699
688,3.341100000000001,-0.0010799999999999699
689,3.3660999999999994,-0.0010799999999999699
690,3.3911000000000016,-0.0010799999999999699
691,3.4161,-0.0010799999999999699
692,3.4410999999999987,-0.0010799999999999699
693,3.466100000000001,-0.0010799999999999699
694,3.4910999999999994,-0.0010799999999999699
695,3.5161000000000016,-0.0010799999999999699
696,3.5411,-0.0010799999999999699
697,3.5660999999999987,-0.0010799999999999699
698,3.591100000000001,-0.0010799999999999699
699,3.6160999999999994,-0.0010799999999999699
700,3.6411000000000016,-0.026080000000000325
701,3.6661,-0.026080000000000325
702,3.6910999999999987,-0.026080000000000325
703,3.716100000000001,-0.026080000000000325
704,3.7410999999999994,-0.026080000000000325
705,3.7661000000000016,-0.026080000000000325
706,3.7911,-0.026080000000000325
707,3.8160999999999987,-0.026080000000000325
708,3.841100000000001,-0.026080000000000325
709,3.8660999999999994,-0.026080000000000325
710,3.8911000000000016,-0.026080000000000325
711,3.9161,-0.05108000000000068
712,3.9410999999999987,-0.05108000000000068
713,3.966100000000001,-0.05108000000000068
714,3.9910999999999994,-0.05108000000000068
715,4.016100000000002,-0.05108000000000068
716,4.0411,-0.05108000000000068
717,4.066099999999999,-0.05108000000000068
718,4.091100000000001,-0.05108000000000068
719,4.116099999999999,-0.05108000000000068
720,4.141100000000002,-0.07608000000000104
721,4.1661,-0.07608000000000104
722,4.191099999999999,-0.07608000000000104
723,4.216100000000001,-0.07608000000000104
724,4.241099999999999,-0.07608000000000104
725,4.266100000000002,-0.07608000000000104
726,4.2911,-0.07608000000000104
727,4.316099999999999,-0.07608000000000104
728,4.341100000000001,-0.07608000000000104
729,4.366099999999999,-0.07608000000000104
730,4.391100000000002,-0.07608000000000104
731,4.4161,-0.07608000000000104
732,4.441099999999999,-0.07608000000000104
733,4.466100000000001,-0.10107999999999961
734,4.491099999999999,-0.10107999999999961
735,4.516100000000002,-0.10107999999999961
736,4.5411,-0.10107999999999961
737,4.566099999999999,-0.10107999999999961
738,4.591100000000001,-0.10107999999999961
739,4.616099999999999,-0.10107999999999961
740,4.641100000000002,-0.10107999999999961
741,4.6661,-0.10107999999999961
742,4.691099999999999,-0.10107999999999961
743,4.716100000000001,-0.10107999999999961
744,4.741099999999999,-0.10107999999999961
745,4.766100000000002,-0.10107999999999961
746,4.7911,-0.10107999999999961
747,4.816099999999999,-0.10107999999999961
748,4.841100000000001,-0.10107999999999961
749,4.866099999999999,-0.10107999999999961
750,4.891100000000002,-0.12607999999999997
751,4.9161,-0.12607999999999997
752,4.941099999999999,-0.12607999999999997
753,4.966100000000001,-0.12607999999999997
754,4.991099999999999,-0.12607999999999997
755,5.016100000000002,-0.12607999999999997
756,5.0411,-0.12607999999999997
757,5.066099999999999,-0.12607999999999997
758,5.091100000000001,-0.12607999999999997
759,5.116099999999999,-0.12607999999999997
760,5.141100000000002,-0.12607999999999997
761,5.1661,-0.12607999999999997
762,5.191099999999999,-0.15108000000000033
763,5.216100000000001,-0.15108000000000033
764,5.241099999999999,-0.15108000000000033
765,5.266100000000002,-0.15108000000000033
766,5.2911,-0.15108000000000033
767,5.316099999999999,-0.15108000000000033
768,5.341100000000001,-0.15108000000000033
769,5.366099999999999,-0.15108000000000033
770,5.391100000000002,-0.15108000000000033
771,5.4161,-0.15108000000000033
772,5.441099999999999,-0.15108000000000033
773,5.466100000000001,-0.15108000000000033
774,5.491099999999999,-0.17608000000000068
775,5.516100000000002,-0.17608000000000068
776,5.5411,-0.17608000000000068
777,5.566099999999999,-0.17608000000000068
778,5.591100000000001,-0.17608000000000068
779,5.616099999999999,-0.17608000000000068
780,5.641100000000002,-0.17608000000000068
781,5.6661,-0.17608000000000068
782,5.691099999999999,-0.17608000000000068
783,5.716100000000001,-0.17608000000000068
784,5.741099999999999,-0.17608000000000068
785,5.766100000000002,-0.20108000000000104
786,5.7911,-0.20108000000000104
787,5.816099999999999,-0.20108000000000104
788,5.841100000000001,-0.20108000000000104
789,5.866099999999999,-0.20108000000000104
790,5.891100000000002,-0.20108000000000104
791,5.9161,-0.20108000000000104
792,5.941099999999999,-0.20108000000000104
793,5.966100000000001,-0.20108000000000104
794,5.991099999999999,-0.20108000000000104
795,6.016100000000002,-0.20108000000000104
796,6.0411,-0.20108000000000104
797,6.066099999999999,-0.20108000000000104
798,6.091100000000001,-0.20108000000000104
799,6.116099999999999,-0.20108000000000104
800,6.141100000000002,-0.20108000000000104
801,6.1661,-0.20108000000000104
802,6.191099999999999,-0.20108000000000104
803,6.216100000000001,-0.20108000000000104
804,6.241099999999999,-0.20108000000000104
805,6.266100000000002,-0.20108000000000104
806,6.2911,-0.20108000000000104
807,6.316099999999999,-0.20108000000000104
808,6.341100000000001,-0.20108000000000104
809,6.366099999999999,-0.20108000000000104
810,6.391100000000002,-0.20108000000000104
811,6.4161,-0.20108000000000104
812,6.441099999999999,-0.20108000000000104
813,6.466100000000001,-0.20108000000000104
814,6.491099999999999,-0.22607999999999961
815,6.516100000000002,-0.22607999999999961
816,6.5411,-0.22607999999999961
817,6.566099999999999,-0.22607999999999961
818,6.591100000000001,-0.22607999999999961
819,6.616099999999999,-0.22607999999999961
820,6.641100000000002,-0.22607999999999961
821,6.6661,-0.22607999999999961
822,6.691099999999999,-0.22607999999999961
823,6.716100000000001,-0.22607999999999961
824,6.741099999999999,-0.22607999999999961
825,6.766100000000002,-0.22607999999999961
826,6.7911,-0.22607999999999961
827,6.816099999999999,-0.22607999999999961
828,6.841100000000001,-0.22607999999999961
829,6.866099999999999,-0.22607999999999961
830,6.891100000000002,-0.22607999999999961
831,6.9161,-0.22607999999999961
832,6.941099999999999,-0.22607999999999961
833,6.966100000000001,-0.22607999999999961
834,6.991099999999999,-0.22607999999999961
835,7.016100000000002,-0.22607999999999961
836,7.0411,-0.22607999999999961
837,7.066099999999999,-0.22607999999999961
838,7.091100000000001,-0.22607999999999961
839,7.116099999999999,-0.22607999999999961
840,7.141100000000002,-0.22607999999999961
841,7.1661,-0.22607999999999961
842,7.191099999999999,-0.22607999999999961
843,7.216100000000001,-0.22607999999999961
844,7.241099999999999,-0.22607999999999961
845,7.266100000000002,-0.22607999999999961
846,7.2911,-0.22607999999999961
847,7.316099999999999,-0.25107999999999997
848,7.341100000000001,-0.25107999999999997
849,7.366099999999999,-0.25107999999999997
850,7.391100000000002,-0.25107999999999997
851,7.4161,-0.25107999999999997
852,7.441099999999999,-0.25107999999999997
853,7.466100000000001,-0.25107999999999997
854,7.491099999999999,-0.25107999999999997
855,7.516100000000002,-0.25107999999999997
856,7.5411,-0.25107999999999997
857,7.566099999999999,-0.25107999999999997
858,7.591100000000001,-0.25107999999999997
859,7.616099999999999,-0.25107999999999997
860,7.641100000000002,-0.25107999999999997
861,7.6661,-0.25107999999999997
862,7.691099999999999,-0.25107999999999997
863,7.716100000000001,-0.25107999999999997
864,7.741099999999999,-0.25107999999999997
865,7.766100000000002,-0.25107999999999997
866,7.7911,-0.25107999999999997
867,7.816099999999999,-0.25107999999999997
868,7.841100000000001,-0.25107999999999997
869,7.866099999999999,-0.25107999999999997
870,7.891100000000002,-0.25107999999999997
871,7.9161,-0.25107999999999997
872,7.941099999999999,-0.25107999999999997
873,7.966100000000001,-0.25107999999999997
874,7.991099999999999,-0.25107999999999997
875,8.016100000000002,-0.25107999999999997
876,8.0411,-0.25107999999999997
877,8.066099999999999,-0.25107999999999997
878,8.0911,-0.25107999999999997
879,8.1161,-0.25107999999999997
880,8.141100000000002,-0.22607999999999961
881,8.1661,-0.22607999999999961
882,8.191099999999999,-0.22607999999999961
883,8.2161,-0.20108000000000104
884,8.2411,-0.17608000000000068
885,8.2411,-0.15108000000000033
886,8.266100000000002,-0.12607999999999997
887,8.2911,-0.10107999999999961
888,8.2911,-0.07608000000000104
889,8.316099999999999,-0.05108000000000068
890,8.3411,-0.026080000000000325
891,8.3411,-0.0010799999999999699
892,8.3411,0.023920000000000385
893,8.3661,0.048919999999998964
894,8.3661,0.07391999999999932
895,8.391100000000002,0.09891999999999967
896,8.391100000000002,0.12392000000000003
897,8.391100000000002,0.14892000000000039
898,8.391100000000002,0.17391999999999896
899,8.4161,0.19891999999999932
900,8.4161,0.22391999999999967
901,8.4161,0.24892000000000003
902,8.441099999999999,0.2739200000000004
903,8.441099999999999,0.29891999999999896
904,8.441099999999999,0.3239199999999993
905,8.441099999999999,0.3489199999999997
906,8.441099999999999,0.37392000000000003
907,8.441099999999999,0.3989200000000004
908,8.4661,0.42391999999999896
909,8.4661,0.4489199999999993
910,8.4661,0.4739199999999997
911,8.4661,0.49892000000000003
912,8.4911,0.5239200000000004
913,8.4911,0.548919999999999
914,8.4911,0.5739199999999993
915,8.4911,0.5989199999999997
916,8.4911,0.62392
917,8.4911,0.6489200000000004
918,8.4911,0.673919999999999
919,8.4911,0.6989199999999993
920,8.516100000000002,0.7239199999999997
921,8.516100000000002,0.74892
922,8.516100000000002,0.7739200000000004
923,8.516100000000002,0.798919999999999
924,8.516100000000002,0.8239199999999993
925,8.516100000000002,0.8489199999999997
926,8.516100000000002,0.87392
927,8.516100000000002,0.8989200000000004
928,8.516100000000002,0.923919999999999
929,8.516100000000002,0.9489199999999993
930,8.516100000000002,0.9739199999999997
931,8.516100000000002,0.99892
932,8.5411,1.0239200000000004
933,8.5411,1.048919999999999
934,8.5411,1.0739199999999993
935,8.5411,1.0989199999999997
936,8.5411,1.12392
937,8.5411,1.1489200000000004
938,8.5411,1.1739200000000007
939,8.5411,1.1989199999999993
940,8.5411,1.2239199999999997
941,8.5411,1.24892
942,8.5411,1.2739200000000004
943,8.5411,1.2989200000000007
944,8.5411,1.3239199999999993
945,8.5411,1.3489199999999997
946,8.5411,1.37392
947,8.5411,1.3989200000000004
948,8.5411,1.4239200000000007
949,8.5411,1.4489199999999993
950,8.5411,1.4739199999999997
951,8.5411,1.49892
952,8.5411,1.5239200000000004
953,8.5411,1.5489200000000007
954,8.5411,1.5739199999999993
955,8.5411,1.5989199999999997
956,8.5411,1.62392
957,8.5411,1.6489200000000004
958,8.5411,1.6739200000000007
959,8.5411,1.6989199999999993
960,8.5411,1.7239199999999997
961,8.5411,1.74892
962,8.5411,1.7739200000000004
963,8.566099999999999,1.7989200000000007
964,8.566099999999999,1.8239199999999993
965,8.566099999999999,1.8489199999999997
966,8.566099999999999,1.87392
967,8.566099999999999,1.8989200000000004
968,8.566099999999999,1.9239200000000007
969,8.566099999999999,1.9489199999999993
970,8.566099999999999,1.9739199999999997
971,8.566099999999999,1.99892
972,8.566099999999999,2.0239200000000004
973,8.566099999999999,2.0489200000000007
974,8.566099999999999,2.0739199999999993
975,8.566099999999999,2.0989199999999997
976,8.566099999999999,2.12392
977,8.566099999999999,2.1489200000000004
978,8.566099999999999,2.1739200000000007
979,8.566099999999999,2.1989199999999993
980,8.566099999999999,2.2239199999999997
981,8.566099999999999,2.24892
982,8.566099999999999,2.2739200000000004
983,8.566099999999999,2.2989200000000007
984,8.566099999999999,2.3239199999999993
985,8.566099999999999,2.3489199999999997
986,8.566099999999999,2.37392
987,8.566099999999999,2.3989200000000004
988,8.566099999999999,2.4239200000000007
989,8.5911,2.4489199999999993
990,8.5911,2.4739199999999997
991,8.5911,2.49892
992,8.5911,2.5239200000000004
993,8.5911,2.5489200000000007
994,8.5911,2.5739199999999993
995,8.5911,2.5989199999999997
996,8.5911,2.62392
997,8.5911,2.6489200000000004
998,8.5911,2.6739200000000007
999,8.5911,2.6989199999999993
1000,8.5911,2.7239199999999997
1001,8.5911,2.74892
1002,8.5911,2.7739200000000004
1003,8.5911,2.7989200000000007
1004,8.5911,2.8239199999999993
1005,8.5911,2.8489199999999997
1006,8.5911,2.87392
1007,8.5911,2.8989200000000004
1008,8.5911,2.9239200000000007
1009,8.5911,2.9489199999999993
1010,8.5911,2.9739199999999997
1011,8.5911,2.99892
1012,8.5911,3.0239200000000004
1013,8.5911,3.0489200000000007
1014,8.5911,3.0739199999999993
1015,8.6161,3.0989199999999997
1016,8.6161,3.12392
1017,8.6161,3.1489200000000004
1018,8.5911,3.1739200000000007
1019,8.5911,3.1989199999999993
1020,8.5911,3.2239199999999997
1021,8.5911,3.24892
1022,8.5911,3.2739200000000004
1023,8.5911,3.2989200000000007
1024,8.566099999999999,3.3239199999999993
1025,8.566099999999999,3.3489199999999997
1026,8.566099999999999,3.37392
1027,8.566099999999999,3.3989200000000004
1028,8.566099999999999,3.4239200000000007
1029,8.566099999999999,3.4489199999999993
1030,8.566099999999999,3.4739199999999997
1031,8.566099999999999,3.49892
1032,8.566099999999999,3.5239200000000004
1033,8.566099999999999,3.5489200000000007
1034,8.5911,3.5739199999999993
1035,8.5911,3.5989199999999997
1036,8.5911,3.62392
1037,8.5911,3.6489200000000004
1038,8.5911,3.6739200000000007
1039,8.566099999999999,3.6989199999999993
1040,8.5411,3.7239199999999997
1041,8.516100000000002,3.74892
1042,8.4911,3.74892
1043,8.4661,3.74892
1044,8.441099999999999,3.74892
1045,8.4161,3.7739200000000004
1046,8.391100000000002,3.7739200000000004
1047,8.3661,3.7739200000000004
1048,8.3411,3.7739200000000004
1049,8.316099999999999,3.7739200000000004
1050,8.2911,3.7739200000000004
1051,8.266100000000002,3.7739200000000004
1052,8.2411,3.7739200000000004
1053,8.2161,3.7739200000000004
1054,8.191099999999999,3.7739200000000004
1055,8.1661,3.7739200000000004
1056,8.141100000000002,3.7739200000000004
1057,8.1161,3.7739200000000004
1058,8.0911,3.7989200000000007
1059,8.066099999999999,3.7989200000000007
1060,8.0411,3.7989200000000007
1061,8.016100000000002,3.7989200000000007
1062,7.991099999999999,3.7989200000000007
1063,7.966100000000001,3.7989200000000007
1064,7.941099999999999,3.7739200000000004
1065,7.9161,3.74892
1066,7.891100000000002,3.74892
1067,7.866099999999999,3.74892
1068,7.841100000000001,3.74892
1069,7.816099999999999,3.7239199999999997
1070,7.7911,3.7239199999999997
1071,7.766100000000002,3.7239199999999997
1072,7.741099999999999,3.7239199999999997
1073,7.716100000000001,3.6989199999999993
1074,7.691099999999999,3.6989199999999993
1075,7.6661,3.6989199999999993
1076,7.641100000000002,3.6989199999999993
1077,7.616099999999999,3.6989199999999993
1078,7.591100000000001,3.6739200000000007
1079,7.566099999999999,3.6739200000000007
1080,7.5411,3.6739200000000007
1081,7.516100000000002,3.6739200000000007
1082,7.491099999999999,3.6739200000000007
1083,7.466100000000001,3.6739200000000007
1084,7.441099999999999,3.6489200000000004
1085,7.4161,3.6489200000000004
1086,7.391100000000002,3.6489200000000004
1087,7.366099999999999,3.6489200000000004
1088,7.341100000000001,3.6489200000000004
1089,7.316099999999999,3.6489200000000004
1090,7.2911,3.62392
1091,7.266100000000002,3.62392
1092,7.241099999999999,3.62392
1093,7.216100000000001,3.62392
1094,7.191099999999999,3.62392
1095,7.1661,3.5989199999999997
1096,7.141100000000002,3.5989199999999997
1097,7.116099999999999,3.5989199999999997
1098,7.091100000000001,3.5989199999999997
1099,7.066099999999999,3.5989199999999997
1100,7.0411,3.5739199999999993
1101,7.016100000000002,3.5739199999999993
1102,6.991099999999999,3.5739199999999993
1103,6.966100000000001,3.5739199999999993
1104,6.941099999999999,3.5739199999999993
1105,6.9161,3.5739199999999993
1106,6.891100000000002,3.5739199999999993
1107,6.866099999999999,3.5489200000000007
1108,6.841100000000001,3.5489200000000007
1109,6.816099999999999,3.5489200000000007
1110,6.7911,3.5489200000000007
1111,6.766100000000002,3.5489200000000007
1112,6.741099999999999,3.5489200000000007
1113,6.716100000000001,3.5489200000000007
1114,6.691099999999999,3.5239200000000004
1115,6.6661,3.5239200000000004
1116,6.641100000000002,3.5239200000000004
1117,6.616099999999999,3.5239200000000004
1118,6.591100000000001,3.49892
1119,6.566099999999999,3.49892
1120,6.5411,3.4739199999999997
1121,6.516100000000002,3.4739199999999997
1122,6.491099999999999,3.4739199999999997
1123,6.466100000000001,3.4739199999999997
1124,6.441099999999999,3.4739199999999997
1125,6.4161,3.4489199999999993
1126,6.391100000000002,3.4489199999999993
1127,6.366099999999999,3.4239200000000007
1128,6.341100000000001,3.4239200000000007
1129,6.316099999999999,3.4239200000000007
1130,6.2911,3.4239200000000007
1131,6.266100000000002,3.3989200000000004
1132,6.241099999999999,3.3989200000000004
1133,6.216100000000001,3.3989200000000004
1134,6.191099999999999,3.37392
1135,6.1661,3.37392
1136,6.141100000000002,3.37392
1137,6.116099999999999,3.3489199999999997
1138,6.091100000000001,3.3489199999999997
1139,6.066099999999999,3.3489199999999997
1140,6.0411,3.3239199999999993
1141,6.016100000000002,3.3239199999999993
1142,5.991099999999999,3.2989200000000007
1143,5.966100000000001,3.2989200000000007
1144,5.941099999999999,3.2989200000000007
1145,5.9161,3.2739200000000004
1146,5.891100000000002,3.2739200000000004
1147,5.866099999999999,3.24892
1148,5.841100000000001,3.24892
1149,5.816099999999999,3.24892
1150,5.7911,3.2239199999999997
1151,5.766100000000002,3.2239199999999997
1152,5.741099999999999,3.2239199999999997
1153,5.716100000000001,3.1989199999999993
1154,5.691099999999999,3.1989199999999993
1155,5.6661,3.1739200000000007
1156,5.641100000000002,3.1739200000000007
1157,5.616099999999999,3.1739200000000007
1158,5.591100000000001,3.1489200000000004
1159,5.566099999999999,3.1489200000000004
1160,5.5411,3.12392
1161,5.516100000000002,3.12392
1162,5.491099999999999,3.12392
1163,5.466100000000001,3.0989199999999997
1164,5.441099999999999,3.0989199999999997
1165,5.4161,3.0989199999999997
1166,5.391100000000002,3.0739199999999993
1167,5.366099999999999,3.0739199999999993
1168,5.341100000000001,3.0489200000000007
1169,5.316099999999999,3.0489200000000007
1170,5.2911,3.0489200000000007
1171,5.266100000000002,3.0239200000000004
1172,5.241099999999999,3.0239200000000004
1173,5.216100000000001,3.0239200000000004
1174,5.191099999999999,2.99892
1175,5.1661,2.99892
1176,5.141100000000002,2.99892
1177,5.116099999999999,2.9739199999999997
1178,5.091100000000001,2.9739199999999997
1179,5.066099999999999,2.9739199999999997
1180,5.0411,2.9489199999999993
1181,5.016100000000002,2.9489199999999993
1182,4.991099999999999,2.9489199999999993
1183,4.966100000000001,2.9239200000000007
1184,4.941099999999999,2.9239200000000007
1185,4.9161,2.9239200000000007
1186,4.891100000000002,2.8989200000000004
1187,4.866099999999999,2.8989200000000004
1188,4.841100000000001,2.87392
1189,4.816099999999999,2.87392
1190,4.7911,2.87392
1191,4.766100000000002,2.8489199999999997
1192,4.741099999999999,2.8489199999999997
1193,4.716100000000001,2.8489199999999997
1194,4.691099999999999,2.8239199999999993
1195,4.6661,2.8239199999999993
1196,4.641100000000002,2.7989200000000007
1197,4.616099999999999,2.7989200000000007
1198,4.591100000000001,2.7989200000000007
1199,4.566099999999999,2.7739200000000004
1200,4.5411,2.7739200000000004
1201,4.516100000000002,2.74892
1202,4.491099999999999,2.74892
1203,4.466100000000001,2.7239199999999997
1204,4.441099999999999,2.7239199999999997
1205,4.4161,2.6989199999999993
1206,4.391100000000002,2.6989199999999993
1207,4.366099999999999,2.6989199999999993
1208,4.341100000000001,2.6739200000000007
1209,4.316099999999999,2.6739200000000007
1210,4.2911,2.6489200000000004
1211,4.266100000000002,2.6489200000000004
1212,4.241099999999999,2.62392
1213,4.216100000000001,2.62392
1214,4.191099999999999,2.5989199999999997
1215,4.1661,2.5989199999999997
1216,4.141100000000002,2.5989199999999997
1217,4.116099999999999,2.5739199999999993
1218,4.091100000000001,2.5739199999999993
1219,4.066099999999999,2.5739199999999993
1220,4.0411,2.5489200000000007
1221,4.016100000000002,2.5489200000000007
1222,3.9910999999999994,2.5489200000000007
1223,3.966100000000001,2.5489200000000007
1224,3.9410999999999987,2.5489200000000007
1225,3.9161,2.5239200000000004
1226,3.8911000000000016,2.5239200000000004
1227,3.8660999999999994,2.5239200000000004
1228,3.841100000000001,2.5239200000000004
1229,3.8160999999999987,2.49892
1230,3.7911,2.49892
1231,3.7661000000000016,2.49892
1232,3.7410999999999994,2.49892
1233,3.716100000000001,2.4739199999999997
1234,3.6910999999999987,2.4739199999999997
1235,3.6661,2.4739199999999997
1236,3.6411000000000016,2.4489199999999993
1237,3.6160999999999994,2.4489199999999993
1238,3.591100000000001,2.4489199999999993
1239,3.5660999999999987,2.4239200000000007
1240,3.5411,2.4239200000000007
1241,3.5161000000000016,2.3989200000000004
1242,3.4910999999999994,2.3989200000000004
1243,3.466100000000001,2.37392
1244,3.4410999999999987,2.37392
1245,3.4161,2.3489199999999997
1246,3.3911000000000016,2.3239199999999993
1247,3.3660999999999994,2.3239199999999993
1248,3.341100000000001,2.3239199999999993
1249,3.3160999999999987,2.3239199999999993
1250,3.2911,2.3239199999999993
1251,3.2661000000000016,2.3239199999999993
1252,3.2410999999999994,2.3239199999999993
1253,3.216100000000001,2.3489199999999997
1254,3.1910999999999987,2.3489199999999997
1255,3.1661,2.3489199999999997
1256,3.1411000000000016,2.3489199999999997
1257,3.1160999999999994,2.3489199999999997
1258,3.091100000000001,2.3489199999999997
1259,3.0660999999999987,2.3489199999999997
1260,3.0411,2.3489199999999997
1261,3.0161000000000016,2.3489199999999997
1262,2.9910999999999994,2.3489199999999997
1263,2.966100000000001,2.3489199999999997
1264,2.9410999999999987,2.3489199999999997
1265,2.9161,2.3489199999999997
1266,2.8911000000000016,2.3489199999999997
1267,2.8660999999999994,2.3489199999999997
1268,2.841100000000001,2.3489199999999997
1269,2.8160999999999987,2.3489199999999997
1270,2.7911,2.3489199999999997
1271,2.7661000000000016,2.3489199999999997
1272,2.7410999999999994,2.3489199999999997
1273,2.716100000000001,2.3489199999999997
1274,2.6910999999999987,2.3489199999999997
1275,2.6661,2.3489199999999997
1276,2.6411000000000016,2.3489199999999997
1277,2.6160999999999994,2.3489199999999997
1278,2.591100000000001,2.3489199999999997
1279,2.5660999999999987,2.3489199999999997
1280,2.5411,2.3489199999999997
1281,2.5161000000000016,2.3489199999999997
1282,2.4910999999999994,2.3489199999999997
1283,2.466100000000001,2.3489199999999997
1284,2.4410999999999987,2.3489199999999997
1285,2.4161,2.37392
1286,2.3911000000000016,2.37392
1287,2.3660999999999994,2.3989200000000004
1288,2.341100000000001,2.3989200000000004
1289,2.3160999999999987,2.3989200000000004
1290,2.2911,2.4239200000000007
1291,2.2661000000000016,2.4239200000000007
1292,2.2410999999999994,2.4239200000000007
1293,2.216100000000001,2.4239200000000007
1294,2.1910999999999987,2.4489199999999993
1295,2.1661,2.4489199999999993
1296,2.1411000000000016,2.4489199999999993
1297,2.1160999999999994,2.4739199999999997
1298,2.091100000000001,2.4739199999999997
1299,2.0660999999999987,2.49892
1300,2.0411,2.49892
1301,2.0161000000000016,2.5239200000000004
1302,1.9910999999999994,2.5239200000000004
1303,1.9661000000000008,2.5489200000000007
1304,1.9410999999999987,2.5739199999999993
1305,1.9161000000000001,2.5989199999999997
1306,1.8911000000000016,2.62392
1307,1.8660999999999994,2.6489200000000004
1308,1.8411000000000008,2.6739200000000007
1309,1.8411000000000008,2.6989199999999993
1310,1.8411000000000008,2.7239199999999997
1311,1.8160999999999987,2.74892
1312,1.8160999999999987,2.7739200000000004
1313,1.8160999999999987,2.7989200000000007
1314,1.8160999999999987,2.8239199999999993
1315,1.8160999999999987,2.8489199999999997
1316,1.8160999999999987,2.87392
1317,1.8160999999999987,2.8989200000000004
1318,1.8160999999999987,2.9239200000000007
1319,1.8160999999999987,2.9489199999999993
1320,1.8160999999999987,2.9739199999999997
1321,1.8160999999999987,2.99892
1322,1.8160999999999987,3.0239200000000004
1323,1.8160999999999987,3.0489200000000007
1324,1.8160999999999987,3.0739199999999993
1325,1.8160999999999987,3.0989199999999997
1326,1.8160999999999987,3.12392
1327,1.8160999999999987,3.1489200000000004
1328,1.8160999999999987,3.1739200000000007
1329,1.8160999999999987,3.1989199999999993
1330,1.8160999999999987,3.2239199999999997
1331,1.8160999999999987,3.24892
1332,1.8160999999999987,3.2739200000000004
1333,1.8160999999999987,3.2989200000000007
1334,1.8160999999999987,3.3239199999999993
1335,1.8160999999999987,3.3489199999999997
1336,1.8160999999999987,3.37392
1337,1.8160999999999987,3.3989200000000004
1338,1.8160999999999987,3.4239200000000007
1339,1.8160999999999987,3.4489199999999993
1340,1.8160999999999987,3.4739199999999997
1341,1.8160999999999987,3.49892
1342,1.8160999999999987,3.5239200000000004
1343,1.8160999999999987,3.5489200000000007
1344,1.8160999999999987,3.5739199999999993
1345,1.8160999999999987,3.5989199999999997
1346,1.8160999999999987,3.62392
1347,1.8160999999999987,3.6489200000000004
1348,1.8160999999999987,3.6739200000000007
1349,1.8160999999999987,3.6989199999999993
1350,1.8160999999999987,3.7239199999999997
1351,1.8160999999999987,3.74892
1352,1.8160999999999987,3.7739200000000004
1353,1.8160999999999987,3.7989200000000007
1354,1.8160999999999987,3.8239199999999993
1355,1.8160999999999987,3.8489199999999997
1356,1.8160999999999987,3.87392
1357,1.8160999999999987,3.8989200000000004
1358,1.8160999999999987,3.9239200000000007
1359,1.8160999999999987,3.9489199999999993
1360,1.8160999999999987,3.9739199999999997
1361,1.8160999999999987,3.99892
1362,1.8160999999999987,4.02392
1363,1.8160999999999987,4.048920000000001
1364,1.8160999999999987,4.073919999999999
1365,1.8160999999999987,4.09892
1366,1.7911000000000001,4.12392
1367,1.7911000000000001,4.14892
1368,1.7911000000000001,4.173920000000001
1369,1.7911000000000001,4.198919999999999
1370,1.7911000000000001,4.22392
1371,1.7661000000000016,4.24892
1372,1.7410999999999994,4.24892
1373,1.7161000000000008,4.27392
1374,1.6910999999999987,4.298920000000001
1375,1.6661000000000001,4.298920000000001
1376,1.6411000000000016,4.298920000000001
1377,1.6160999999999994,4.323919999999999
1378,1.5911000000000008,4.323919999999999
1379,1.5660999999999987,4.323919999999999
1380,1.5411000000000001,4.34892
1381,1.5161000000000016,4.34892
1382,1.4910999999999994,4.34892
1383,1.4661000000000008,4.37392
1384,1.4410999999999987,4.37392
1385,1.4161000000000001,4.37392
1386,1.3911000000000016,4.37392
1387,1.3660999999999994,4.37392
1388,1.3411000000000008,4.37392
1389,1.3160999999999987,4.39892
1390,1.2911000000000001,4.39892
1391,1.2661000000000016,4.39892
1392,1.2410999999999994,4.39892
1393,1.2161000000000008,4.39892
1394,1.1910999999999987,4.39892
1395,1.1661000000000001,4.423920000000001
1396,1.141099999999998,4.423920000000001
1397,1.1160999999999994,4.423920000000001
1398,1.0911000000000008,4.423920000000001
1399,1.0660999999999987,4.423920000000001
1400,1.0411000000000001,4.423920000000001
1401,1.016099999999998,4.423920000000001
1402,0.9910999999999994,4.423920000000001
1403,0.9661000000000008,4.423920000000001
1404,0.9410999999999987,4.423920000000001
1405,0.9161000000000001,4.423920000000001
1406,0.891099999999998,4.423920000000001
1407,0.8660999999999994,4.423920000000001
1408,0.8411000000000008,4.423920000000001
1409,0.8160999999999987,4.423920000000001
1410,0.7911000000000001,4.448919999999999
1411,0.766099999999998,4.448919999999999
1412,0.7410999999999994,4.423920000000001
1413,0.7161000000000008,4.39892
1414,0.6910999999999987,4.39892
1415,0.6661000000000001,4.39892
1416,0.641099999999998,4.37392
1417,0.6160999999999994,4.37392
1418,0.5911000000000008,4.37392
1419,0.5660999999999987,4.34892
1420,0.5411000000000001,4.34892
1421,0.516099999999998,4.34892
1422,0.4910999999999994,4.34892
1423,0.46610000000000085,4.323919999999999
1424,0.4410999999999987,4.323919999999999
1425,0.41610000000000014,4.323919999999999
1426,0.391099999999998,4.323919999999999
1427,0.3660999999999994,4.323919999999999
1428,0.34110000000000085,4.298920000000001
1429,0.3160999999999987,4.298920000000001
1430,0.29110000000000014,4.298920000000001
1431,0.266099999999998,4.298920000000001
1432,0.24109999999999943,4.298920000000001
1433,0.21610000000000085,4.27392
1434,0.19109999999999872,4.27392
1435,0.16610000000000014,4.27392
1436,0.141099999999998,4.27392
1437,0.11609999999999943,4.27392
1438,0.09110000000000085,4.24892
1439,0.06609999999999872,4.24892
1440,0.041100000000000136,4.24892
1441,0.016099999999998005,4.24892
1442,-0.008900000000000574,4.22392
1443,-0.03389999999999915,4.22392
1444,-0.058900000000001285,4.22392
1445,-0.08389999999999986,4.198919999999999
1446,-0.108900000000002,4.198919999999999
1447,-0.13390000000000057,4.198919999999999
1448,-0.15889999999999915,4.198919999999999
1449,-0.18390000000000128,4.198919999999999
1450,-0.20889999999999986,4.173920000000001
1451,-0.233900000000002,4.173920000000001
1452,-0.2589000000000006,4.173920000000001
1453,-0.28389999999999915,4.173920000000001
1454,-0.3089000000000013,4.14892
1455,-0.33389999999999986,4.14892
1456,-0.358900000000002,4.14892
1457,-0.3839000000000006,4.14892
1458,-0.40889999999999915,4.12392
1459,-0.4339000000000013,4.12392
1460,-0.45889999999999986,4.12392
1461,-0.483900000000002,4.09892
1462,-0.5089000000000006,4.09892
1463,-0.5338999999999992,4.09892
1464,-0.5589000000000013,4.073919999999999
1465,-0.5838999999999999,4.048920000000001
1466,-0.608900000000002,4.048920000000001
1467,-0.6339000000000006,4.02392
1468,-0.6588999999999992,4.02392
1469,-0.6839000000000013,3.99892
1470,-0.7088999999999999,3.99892
1471,-0.733900000000002,3.9739199999999997
1472,-0.7589000000000006,3.9489199999999993
1473,-0.7838999999999992,3.9489199999999993
1474,-0.8089000000000013,3.9239200000000007
1475,-0.8338999999999999,3.9239200000000007
1476,-0.858900000000002,3.8989200000000004
1477,-0.8839000000000006,3.8989200000000004
1478,-0.9088999999999992,3.87392
1479,-0.9339000000000013,3.8489199999999997
1480,-0.9588999999999999,3.8489199999999997
1481,-0.983900000000002,3.8239199999999993
1482,-1.0089000000000006,3.8239199999999993
1483,-1.0338999999999992,3.7989200000000007
1484,-1.0589000000000013,3.7739200000000004
1485,-1.0838999999999999,3.7739200000000004
1486,-1.108900000000002,3.74892
1487,-1.1339000000000006,3.74892
1488,-1.1588999999999992,3.7239199999999997
1489,-1.1839000000000013,3.6989199999999993
1490,-1.2088999999999999,3.6989199999999993
1491,-1.233900000000002,3.6739200000000007
1492,-1.2589000000000006,3.6739200000000007
1493,-1.2838999999999992,3.6489200000000004
1494,-1.3089000000000013,3.6489200000000004
1495,-1.3338999999999999,3.62392
1496,-1.358900000000002,3.62392
1497,-1.3839000000000006,3.5989199999999997
1498,-1.4088999999999992,3.5739199999999993
1499,-1.4339000000000013,3.5739199999999993
1500,-1.4588999999999999,3.5739199999999993
1501,-1.483900000000002,3.5489200000000007
1502,-1.5089000000000006,3.5239200000000004
1503,-1.5338999999999992,3.5239200000000004
1504,-1.5589000000000013,3.5239200000000004
1505,-1.5838999999999999,3.49892
1506,-1.608900000000002,3.49892
1507,-1.6339000000000006,3.4739199999999997
1508,-1.6588999999999992,3.4489199999999993
1509,-1.6839000000000013,3.4489199999999993
1510,-1.7088999999999999,3.4239200000000007
1511,-1.733900000000002,3.4239200000000007
1512,-1.7589000000000006,3.3989200000000004
1513,-1.7838999999999992,3.3989200000000004
1514,-1.8089000000000013,3.3989200000000004
1515,-1.8338999999999999,3.37392
1516,-1.858900000000002,3.3489199999999997
1517,-1.8839000000000006,3.3489199999999997
1518,-1.9088999999999992,3.3239199999999993
1519,-1.9339000000000013,3.3239199999999993
1520,-1.9588999999999999,3.2989200000000007
1521,-1.9839000000000002,3.2989200000000007
1522,-2.0089000000000006,3.2739200000000004
1523,-2.033900000000001,3.2739200000000004
1524,-2.0589000000000013,3.24892
1525,-2.0839,3.24892
1526,-2.1089,3.24892
1527,-2.1339000000000006,3.2239199999999997
1528,-2.158900000000001,3.2239199999999997
1529,-2.1839000000000013,3.2239199999999997
1530,-2.2089,3.1989199999999993
1531,-2.2339,3.1989199999999993
1532,-2.2589000000000006,3.1989199999999993
1533,-2.283900000000001,3.1989199999999993
1534,-2.3089000000000013,3.1739200000000007
1535,-2.3339,3.1739200000000007
1536,-2.3589,3.1739200000000007
1537,-2.3839000000000006,3.1489200000000004
1538,-2.408900000000001,3.1489200000000004
1539,-2.4339000000000013,3.1489200000000004
1540,-2.4589,3.1489200000000004
1541,-2.4839,3.12392
1542,-2.5089000000000006,3.12392
1543,-2.533900000000001,3.12392
1544,-2.5589000000000013,3.12392
1545,-2.5839,3.12392
1546,-2.6089,3.12392
1547,-2.6339000000000006,3.0989199999999997
1548,-2.658900000000001,3.0989199999999997
1549,-2.6839000000000013,3.0989199999999997
1550,-2.7089,3.0989199999999997
1551,-2.7339,3.0989199999999997
1552,-2.7589000000000006,3.0989199999999997
1553,-2.783900000000001,3.0739199999999993
1554,-2.8089000000000013,3.0739199999999993
1555,-2.8339,3.0739199999999993
1556,-2.8589,3.0989199999999997
1557,-2.8839000000000006,3.0989199999999997
1558,-2.908900000000001,3.0989199999999997
1559,-2.9339000000000013,3.0989199999999997
1560,-2.9589,3.0989199999999997
1561,-2.9839,3.0989199999999997
1562,-3.0089000000000006,3.0989199999999997
1563,-3.033900000000001,3.0989199999999997
1564,-3.0589000000000013,3.0989199999999997
1565,-3.0839,3.0989199999999997
1566,-3.1089,3.12392
1567,-3.1339000000000006,3.12392
1568,-3.158900000000001,3.12392
1569,-3.1839000000000013,3.12392
1570,-3.2089,3.12392
1571,-3.2339,3.12392
1572,-3.2589000000000006,3.12392
1573,-3.283900000000001,3.12392
1574,-3.3089000000000013,3.12392
1575,-3.3339,3.1489200000000004
1576,-3.3589,3.1489200000000004
1577,-3.3839000000000006,3.1489200000000004
1578,-3.408900000000001,3.1489200000000004
1579,-3.4339000000000013,3.1489200000000004
1580,-3.4589,3.1489200000000004
1581,-3.4839,3.1489200000000004
1582,-3.5089000000000006,3.1489200000000004
1583,-3.533900000000001,3.1489200000000004
1584,-3.5589000000000013,3.1489200000000004
1585,-3.5839,3.1739200000000007
1586,-3.6089,3.1739200000000007
1587,-3.6339000000000006,3.1739200000000007
1588,-3.658900000000001,3.1739200000000007
1589,-3.6839000000000013,3.1739200000000007
1590,-3.7089,3.1739200000000007
1591,-3.7339,3.1739200000000007
1592,-3.7589000000000006,3.1739200000000007
1593,-3.783900000000001,3.1989199999999993
1594,-3.8089000000000013,3.1989199999999993
1595,-3.8339,3.1989199999999993
1596,-3.8589,3.1989199999999993
1597,-3.8839000000000006,3.1989199999999993
1598,-3.908900000000001,3.1989199999999993
1599,-3.9339000000000013,3.1989199999999993
1600,-3.9589,3.1989199999999993
1601,-3.9839,3.1989199999999993
1602,-4.008900000000001,3.1989199999999993
1603,-4.033900000000001,3.2239199999999997
1604,-4.058900000000001,3.2239199999999997
1605,-4.0839,3.2239199999999997
1606,-4.1089,3.2239199999999997
1607,-4.133900000000001,3.2239199999999997
1608,-4.158900000000001,3.2239199999999997
1609,-4.183900000000001,3.2239199999999997
1610,-4.2089,3.24892
1611,-4.2339,3.24892
1612,-4.258900000000001,3.2739200000000004
1613,-4.283900000000001,3.2739200000000004
1614,-4.308900000000001,3.2739200000000004
1615,-4.3339,3.2989200000000007
1616,-4.3589,3.2989200000000007
1617,-4.383900000000001,3.3239199999999993
1618,-4.408900000000001,3.3239199999999993
1619,-4.433900000000001,3.3239199999999993
1620,-4.4589,3.3489199999999997
1621,-4.4839,3.3489199999999997
1622,-4.508900000000001,3.3489199999999997
1623,-4.533900000000001,3.37392
1624,-4.558900000000001,3.37392
1625,-4.5839,3.3989200000000004
1626,-4.6089,3.3989200000000004
1627,-4.633900000000001,3.3989200000000004
1628,-4.658900000000001,3.4239200000000007
1629,-4.683900000000001,3.4239200000000007
1630,-4.7089,3.4489199999999993
1631,-4.7339,3.4489199999999993
1632,-4.758900000000001,3.4739199999999997
1633,-4.783900000000001,3.4739199999999997
1634,-4.808900000000001,3.49892
1635,-4.8339,3.49892
1636,-4.8589,3.5239200000000004
1637,-4.883900000000001,3.5239200000000004
1638,-4.908900000000001,3.5239200000000004
1639,-4.933900000000001,3.5489200000000007
1640,-4.9589,3.5489200000000007
1641,-4.9839,3.5739199999999993
1642,-5.008900000000001,3.5739199999999993
1643,-5.033900000000001,3.5989199999999997
1644,-5.058900000000001,3.5989199999999997
1645,-5.0839,3.62392
1646,-5.1089,3.62392
1647,-5.133900000000001,3.6489200000000004
1648,-5.158900000000001,3.6489200000000004
1649,-5.183900000000001,3.6739200000000007
1650,-5.2089,3.6739200000000007
1651,-5.2339,3.6739200000000007
1652,-5.258900000000001,3.6989199999999993
1653,-5.283900000000001,3.7239199999999997
1654,-5.308900000000001,3.7239199999999997
1655,-5.3339,3.7239199999999997
1656,-5.3589,3.74892
1657,-5.383900000000001,3.74892
1658,-5.408900000000001,3.7739200000000004
1659,-5.433900000000001,3.7739200000000004
1660,-5.4589,3.7989200000000007
1661,-5.4839,3.8239199999999993
1662,-5.508900000000001,3.8239199999999993
1663,-5.533900000000001,3.8489199999999997
1664,-5.558900000000001,3.8489199999999997
1665,-5.5839,3.87392
1666,-5.6089,3.87392
1667,-5.633900000000001,3.8989200000000004
1668,-5.658900000000001,3.8989200000000004
1669,-5.683900000000001,3.9239200000000007
1670,-5.7089,3.9489199999999993
1671,-5.7339,3.9489199999999993
1672,-5.758900000000001,3.9739199999999997
1673,-5.783900000000001,3.99892
1674,-5.808900000000001,3.99892
1675,-5.8339,4.02392
1676,-5.8589,4.02392
1677,-5.883900000000001,4.048920000000001
1678,-5.908900000000001,4.048920000000001
1679,-5.933900000000001,4.073919999999999
1680,-5.9589,4.09892
1681,-5.9839,4.09892
1682,-6.008900000000001,4.12392
1683,-6.033900000000001,4.14892
1684,-6.058900000000001,4.14892
1685,-6.0839,4.173920000000001
1686,-6.1089,4.198919999999999
1687,-6.133900000000001,4.198919999999999
1688,-6.158900000000001,4.22392
1689,-6.183900000000001,4.24892
1690,-6.2089,4.27392
1691,-6.2339,4.27392
1692,-6.258900000000001,4.298920000000001
1693,-6.283900000000001,4.298920000000001
1694,-6.308900000000001,4.323919999999999
1695,-6.3339,4.34892
1696,-6.3589,4.37392
1697,-6.383900000000001,4.37392
1698,-6.408900000000001,4.39892
1699,-6.433900000000001,4.39892
1700,-6.4589,4.423920000000001
1701,-6.4839,4.448919999999999
1702,-6.508900000000001,4.448919999999999
1703,-6.533900000000001,4.47392
1704,-6.558900000000001,4.49892
1705,-6.5839,4.49892
1706,-6.6089,4.52392
1707,-6.633900000000001,4.548920000000001
1708,-6.658900000000001,4.573919999999999
1709,-6.683900000000001,4.573919999999999
1710,-6.7089,4.59892
1711,-6.7339,4.62392
1712,-6.758900000000001,4.64892
1713,-6.783900000000001,4.64892
1714,-6.808900000000001,4.673920000000001
1715,-6.8339,4.698919999999999
1716,-6.8589,4.698919999999999
1717,-6.883900000000001,4.72392
1718,-6.908900000000001,4.74892
1719,-6.933900000000001,4.77392
1720,-6.9589,4.77392
1721,-6.9839,4.798920000000001
1722,-7.008900000000001,4.823919999999999
1723,-7.033900000000001,4.823919999999999
1724,-7.058900000000001,4.84892
1725,-7.0839,4.84892
1726,-7.1089,4.87392
1727,-7.133900000000001,4.89892
1728,-7.158900000000001,4.89892
1729,-7.183900000000001,4.923920000000001
1730,-7.2089,4.923920000000001
1731,-7.2339,4.948919999999999
1732,-7.258900000000001,4.948919999999999
1733,-7.283900000000001,4.97392
1734,-7.308900000000001,4.99892
1735,-7.3339,4.99892
1736,-7.3589,5.02392
1737,-7.383900000000001,5.048920000000001
1738,-7.408900000000001,5.073919999999999
1739,-7.433900000000001,5.09892
1740,-7.4589,5.12392
1741,-7.4839,5.14892
1742,-7.4839,5.173920000000001
1743,-7.508900000000001,5.198919999999999
1744,-7.533900000000001,5.22392
1745,-7.558900000000001,5.22392
1746,-7.5839,5.22392
1747,-7.6089,5.22392
1748,-7.633900000000001,5.22392
1749,-7.658900000000001,5.22392
1750,-7.683900000000001,5.22392
1751,-7.7089,5.22392
1752,-7.7339,5.24892
1753,-7.758900000000001,5.24892
1754,-7.783900000000001,5.24892
1755,-7.808900000000001,5.24892
1756,-7.8339,5.24892
1757,-7.8589,5.24892
1758,-7.883900000000001,5.27392
1759,-7.908900000000001,5.27392
1760,-7.933900000000001,5.27392
1761,-7.9589,5.27392
1762,-7.9839,5.27392
1763,-8.0089,5.27392
1764,-8.033900000000001,5.27392
1765,-8.058900000000001,5.27392
1766,-8.0839,5.27392
1767,-8.1089,5.27392
1768,-8.1339,5.27392
1769,-8.158900000000001,5.27392
1770,-8.183900000000001,5.27392
1771,-8.2089,5.27392
1772,-8.2339,5.27392
1773,-8.2589,5.27392
1774,-8.283900000000001,5.27392
1775,-8.308900000000001,5.298920000000001
1776,-8.3339,5.298920000000001
1777,-8.3589,5.298920000000001
1778,-8.3839,5.298920000000001
1779,-8.408900000000001,5.298920000000001
1780,-8.433900000000001,5.298920000000001
1781,-8.458900000000002,5.298920000000001
1782,-8.4839,5.298920000000001
1783,-8.5089,5.298920000000001
1784,-8.533900000000001,5.298920000000001
1785,-8.558900000000001,5.298920000000001
1786,-8.583900000000002,5.298920000000001
1787,-8.6089,5.298920000000001
1788,-8.6339,5.298920000000001
1789,-8.658900000000001,5.298920000000001
1790,-8.683900000000001,5.298920000000001
1791,-8.708900000000002,5.323919999999999
1792,-8.7339,5.323919999999999
1793,-8.7589,5.323919999999999
1794,-8.783900000000001,5.323919999999999
1795,-8.808900000000001,5.323919999999999
1796,-8.833900000000002,5.323919999999999
1797,-8.8589,5.323919999999999
1798,-8.8839,5.323919999999999
1799,-8.908900000000001,5.323919999999999
1800,-8.933900000000001,5.323919999999999
1801,-8.958900000000002,5.323919999999999
1802,-8.9839,5.323919999999999
1803,-9.0089,5.323919999999999
1804,-9.033900000000001,5.323919999999999
1805,-9.058900000000001,5.323919999999999
1806,-9.083900000000002,5.323919999999999
1807,-9.1089,5.323919999999999
1808,-9.1339,5.323919999999999
1809,-9.158900000000001,5.323919999999999
1810,-9.183900000000001,5.323919999999999
1811,-9.208900000000002,5.323919999999999
1812,-9.2339,5.323919999999999
1813,-9.2589,5.34892
1814,-9.283900000000001,5.34892
1815,-9.308900000000001,5.34892
1816,-9.333900000000002,5.34892
1817,-9.3589,5.34892
1818,-9.3839,5.34892
1819,-9.408900000000001,5.34892
1820,-9.433900000000001,5.34892
1821,-9.458900000000002,5.34892
1822,-9.4839,5.34892
1823,-9.5089,5.34892
1824,-9.533900000000001,5.34892
1825,-9.558900000000001,5.34892
1826,-9.583900000000002,5.34892
1827,-9.6089,5.34892
1828,-9.6339,5.34892
1829,-9.658900000000001,5.34892
1830,-9.683900000000001,5.34892
1831,-9.708900000000002,5.34892
1832,-9.7339,5.34892
1833,-9.7589,5.34892
1834,-9.783900000000001,5.34892
1835,-9.808900000000001,5.34892
1836,-9.833900000000002,5.34892
1837,-9.8589,5.34892
1838,-9.8839,5.37392
1839,-9.908900000000001,5.37392
1840,-9.933900000000001,5.37392
1841,-9.9589,5.37392
1842,-9.983900000000002,5.37392
1843,-10.0089,5.37392
1844,-10.033900000000001,5.37392
1845,-10.058900000000001,5.37392
