index,x,y,yaw,curvature,curvature_abs
0,-10.047211740218962,5.335159263157832,-2.924413156038686,0.7267951079123871,0.7267951079123871
1,-10.09392401584173,5.3239917808760495,-2.8847892161150552,0.9273260959393727,0.9273260959393727
2,-10.139819780755829,5.310840237701114,-2.8345348626323577,1.1838341902005245,1.1838341902005245
3,-10.18445680083794,5.295285062190798,-2.771918356822858,1.4707995435695782,1.4707995435695782
4,-10.227392841964736,5.276906682902878,-2.695921757381021,1.7854503567560953,1.7854503567560953
5,-10.268185670012889,5.255285528395125,-2.605797497574845,2.1127949773333685,2.1127949773333685
6,-10.306393050859059,5.230002027225311,-2.5015135558156087,2.420675339525411,2.420675339525411
7,-10.34157275037994,5.200636607951214,-2.3845009361076017,2.6511464139630987,2.6511464139630987
8,-10.37329292956568,5.166786244471726,-2.2637755284943113,2.5235135599274683,2.5235135599274683
9,-10.401434260578297,5.128545317851784,-2.1542440414444144,2.0901366265503323,2.0901366265503323
10,-10.426237144757918,5.086580770674616,-2.062114485600575,1.7004352953989126,1.7004352953989126
11,-10.447961880812317,5.0415912150896505,-1.985459299479751,1.381297433199393,1.381297433199393
12,-10.466868767449252,4.994275263246314,-1.9218839692741656,1.1262855118387252,1.1262855118387252
13,-10.483218103376498,4.945331527294034,-1.8692610409022876,0.9233878745662302,0.9233878745662302
14,-10.497270187301803,4.895458619382231,-1.8258505927346582,0.7601281245977518,0.7601281245977518
15,-10.509285282856151,4.845354896455917,-1.7896957194385597,0.6473560262581228,0.6473560262581228
16,-10.51949886053587,4.795538330741654,-1.7577920877994533,0.6060196501353792,0.6060196501353792
17,-10.528078128972965,4.74603024902961,-1.728231361868182,0.5686216735953392,0.5686216735953392
18,-10.535178650206767,4.6967672422597255,-1.701002079754428,0.52379279426946,0.52379279426946
19,-10.540955986276584,4.6476859013719345,-1.6763448884718177,0.47261176099256647,0.47261176099256647
20,-10.545565699221742,4.598722817306178,-1.6544593109703043,0.41626319407365925,0.41626319407365925
21,-10.549163351081557,4.549814581002389,-1.6355032338743627,0.355963625825953,0.355963625825953
22,-10.55190450389535,4.500897783400509,-1.6195940925217893,0.29290200966340535,0.29290200966340535
23,-10.55394471970244,4.451909015440472,-1.6068112397395058,0.22819792057568272,0.22819792057568272
24,-10.55543956054215,4.40278486806222,-1.5971989840881475,0.16287736545892126,0.16287736545892126
25,-10.556544588453791,4.3534619322056844,-1.5907698456291783,0.0978637533035595,0.0978637533035595
26,-10.557415365476691,4.303876798810807,-1.5875076771370968,0.03398025455430138,0.03398025455430138
27,-10.55820745365016,4.253966058817524,-1.587370413435195,-0.028040642572658557,0.028040642572658557
28,-10.559076415013527,4.203666303165772,-1.590292324465062,-0.0875443515498699,0.0875443515498699
29,-10.560177811606101,4.152914122795488,-1.5961857484464548,-0.14394155494293512,0.14394155494293512
30,-10.561667205467213,4.101646108646612,-1.6048015261345876,-0.19130069670986496,0.19130069670986496
31,-10.563685352765217,4.049806682255953,-1.6143572990587902,-0.17733696501903645,0.17733696501903645
32,-10.566209987357212,3.997426485147383,-1.6223816590843492,-0.12942310037325636,0.12942310037325636
33,-10.569117831372122,3.9445895823904342,-1.628012101593263,-0.08393152152750294,0.08393152152750294
34,-10.57228410097438,3.8913808355360584,-1.6313212781899293,-0.04061682588005497,0.04061682588005497
35,-10.575584012328415,3.837885106135205,-1.6323702251167185,0.0012472186106255194,0.0012472186106255194
36,-10.578892781598647,3.7841872557388236,-1.6311955992736904,0.04233749619420175,0.04233749619420175
37,-10.582085624949503,3.730372145897864,-1.6278107044298333,0.0832964356533494,0.0832964356533494
38,-10.585037758545408,3.6765246381632752,-1.6222062295613324,0.12474552265171625,0.12474552265171625
39,-10.587624398550794,3.6227295940860067,-1.6143507304685414,0.1672971606452161,0.1672971606452161
40,-10.58972076113008,3.5690718752170087,-1.604190904240461,0.21156452385105506,0.21156452385105506
41,-10.591202062447694,3.5156363431072317,-1.591651727640572,0.2581688309090207,0.2581688309090207
42,-10.591943518668065,3.4625078593076237,-1.576636558610634,0.30774311715612906,0.30774311715612906
43,-10.591820345955622,3.409771285369136,-1.5590273383804127,0.36093108111464833,0.36093108111464833
44,-10.59070776047478,3.3575114828427166,-1.5386850837275436,0.41837890842405057,0.41837890842405057
45,-10.588480978389972,3.3058133132793155,-1.5154509280689856,0.48071713368160235,0.48071713368160235
46,-10.585015215865626,3.254761638229884,-1.4891480583911636,0.5485286346431122,0.5485286346431122
47,-10.580185689066159,3.204441319245368,-1.4595850015598884,0.6222979154537726,0.6222979154537726
48,-10.573867614156008,3.1549372178767214,-1.4265608309138802,0.7023362635147907,0.7023362635147907
49,-10.565936207299593,3.1063341956748913,-1.3898729732926467,0.7886777935527932,0.7886777935527932
50,-10.556266684661342,3.058717114190828,-1.3493283602047528,0.8809438587733606,0.8809438587733606
51,-10.54473426240568,3.012170834975481,-1.304758621005043,0.9781792460767962,0.9781792460767962
52,-10.531214156697033,2.966780219579801,-1.256039767120745,1.0786745083648326,1.0786745083648326
53,-10.51558158369983,2.9226301295547357,-1.203116249877039,1.1798054347148725,1.1798054347148725
54,-10.497711759578493,2.879805426451236,-1.1460282896274983,1.2779411823453015,1.2779411823453015
55,-10.477479900497444,2.838390971820251,-1.0849399581543384,1.368490341180144,1.368490341180144
56,-10.45476122262112,2.798471627212731,-1.020163835103672,1.4461564639447095,1.4461564639447095
57,-10.429430942113942,2.7601322541796254,-0.9521766354383012,1.5054454758213902,1.5054454758213902
58,-10.401364275140333,2.723457714271883,-0.8816197839627543,1.5413976334149913,1.5413976334149913
59,-10.370436437864722,2.688532869040455,-0.8093080188014472,1.5492773455433813,1.5492773455433813
60,-10.336525069185036,2.655441345265106,-0.7379864787782764,1.4555814044102433,1.4555814044102433
61,-10.299674596471652,2.6241817642557432,-0.6728837616323511,1.241181986081441,1.241181986081441
62,-10.260201104264498,2.5946142944364157,-0.6167740386090088,1.0385129501969168,1.0385129501969168
63,-10.218445651068686,2.5665863759915473,-0.5691445397305956,0.8603652509092848,0.8603652509092848
64,-10.174749295389322,2.539945449105563,-0.529206362999174,0.7047894608568288,0.7047894608568288
65,-10.129453095731517,2.5145389539628846,-0.4962408614865521,0.5684491174932615,0.5684491174932615
66,-10.082898110600372,2.490214330747936,-0.46963701648448775,0.4475001504515259,0.4475001504515259
67,-10.035425398501005,2.466819019645143,-0.4489081824643446,0.3380197853527563,0.3380197853527563
68,-9.987376017938514,2.4442004608389265,-0.4336984121904344,0.23614935229543704,0.23614935229543704
69,-9.93909102741801,2.422206094513713,-0.4237851016022048,0.13806320403671765,0.13806320403671765
70,-9.89091148544461,2.400683360853925,-0.419082299144471,0.039826774829928406,0.039826774829928406
71,-9.84317845052341,2.3794797000439853,-0.41964760072815477,-0.0628299275249602,0.0628299275249602
72,-9.796232981159527,2.35844255226832,-0.4256948374852434,-0.17482274972987855,0.17482274972987855
73,-9.75041613585806,2.337419357711351,-0.4376144903307971,-0.3021244517417315,0.3021244517417315
74,-9.706068973124127,2.316257556557503,-0.4560186991763555,-0.4529153731831484,0.4529153731831484
75,-9.66353149262863,2.2948024475005764,-0.48247179354327885,-0.6657653127470449,0.6657653127470449
76,-9.62309402710165,2.272798877918915,-0.5197589274992478,-0.9631210159297858,0.9631210159297858
77,-9.584976987357813,2.24985027821875,-0.570105914355399,-1.307658240644647,1.307658240644647
78,-9.549395525229524,2.2255494425224462,-0.6345730564214909,-1.6874218885172785,1.6874218885172785
79,-9.516564792549193,2.1994891649523685,-0.7136444805530708,-2.0780292104646625,2.0780292104646625
80,-9.48669994114923,2.1712622396308823,-0.8068441944992445,-2.4349158540994664,2.4349158540994664
81,-9.460016122862044,2.1404614606803523,-0.9122613670100131,-2.6974123921973376,2.6974123921973376
82,-9.43672848952004,2.106679622223144,-1.0249156207057608,-2.7426439400280125,2.7426439400280125
83,-9.41696498655204,2.0695897615894205,-1.129676754434352,-2.226964344373036,2.226964344373036
84,-9.400250399481353,2.0294199153254393,-1.2120092796079827,-1.5732683955243698,1.5732683955243698
85,-9.385854548832013,1.986632726710171,-1.2701043720116179,-1.0212080632002403,1.0212080632002403
86,-9.373046347465813,1.9416916742104497,-1.3067255566742861,-0.5637046576939347,0.5637046576939347
87,-9.361094708244543,1.8950602362931095,-1.3242708044955391,-0.17744082869758368,0.17744082869758368
88,-9.34926854402999,1.8472018914249841,-1.3244741656465888,0.16209823511333535,0.16209823511333535
89,-9.33683690033618,1.7985800789103574,-1.309949891124703,0.4143085022005529,0.4143085022005529
90,-9.323219527528485,1.7496137458774021,-1.2871843525827198,0.48269640628142474,0.48269640628142474
91,-9.308276373608116,1.700591881124743,-1.2614146065172112,0.5246702195158041,0.5246702195158041
92,-9.291947329104223,1.6517798722397623,-1.2331862933089566,0.5740816198409959,0.5740816198409959
93,-9.27417228454597,1.6034431068098396,-1.2021801100620775,0.6321196248298524,0.6321196248298524
94,-9.254891130462514,1.5558469724223571,-1.1680323851803156,0.7001546063981589,0.7001546063981589
95,-9.234043757383015,1.5092568566646951,-1.1303316096086564,0.7797127845104708,0.7797127845104708
96,-9.21157005583663,1.4639381471242352,-1.0886170031878908,0.8724065126448518,0.8724065126448518
97,-9.187409916352518,1.4201562313883578,-1.0423809365314185,0.9797895006571046,0.9797895006571046
98,-9.161503229459838,1.3781764970444432,-0.9910779680063343,1.1030936312534276,1.1030936312534276
99,-9.133789885687746,1.3382643316798741,-0.9341444110472569,1.2427942293806802,1.2427942293806802
100,-9.104209775565407,1.3006851228820295,-0.8710334847801335,1.3979553277064438,1.3979553277064438
101,-9.072702789621975,1.2657042582382918,-0.8012715988913518,1.5653486731811872,1.5653486731811872
102,-9.039208818386605,1.2335871253360409,-0.7245399558971248,1.7384531055808397,1.7384531055808397
103,-9.003667752388463,1.2045991117626584,-0.6407875780244375,1.9063354556751473,1.9063354556751473
104,-8.966019735156038,1.1790049972155634,-0.552063920874426,1.9781771458909845,1.9781771458909845
105,-8.926265723416801,1.1569234434837075,-0.4649229157730021,1.8396744980919384,1.8396744980919384
106,-8.884546062727203,1.138138198151682,-0.38493894643221693,1.6476312296294942,1.6476312296294942
107,-8.841020547017527,1.1223862795453934,-0.3132826215472815,1.4446035696469577,1.4446035696469577
108,-8.79584897021804,1.1094047059907468,-0.2500805880001208,1.2445825310381884,1.2445825310381884
109,-8.74919112625903,1.0989304958136483,-0.1951147464919816,1.0562275873260458,1.0562275873260458
110,-8.701206809070765,1.090700667340004,-0.1479631241363282,0.8837452974546977,0.8837452974546977
111,-8.652055812583523,1.084452238895719,-0.10811130848173549,0.7281906018465721,0.7281906018465721
112,-8.601897930727587,1.0799222288067,-0.0750305821476189,0.5886584706215802,0.5886584706215802
113,-8.550892957433229,1.0768476553988526,-0.04822766492258242,0.4631693429342254,0.4631693429342254
114,-8.49920068663073,1.0749655369980828,-0.027273648087016402,0.3492426452392853,0.3492426452392853
115,-8.44698091225036,1.074012891930296,-0.01181922712861868,0.24422560230673082,0.24422560230673082
116,-8.394393428222402,1.073726738521398,-0.0016017467220735295,0.14545412382498232,0.14545412382498232
117,-8.341598028477131,1.073844095097295,0.0035520987886325573,0.050308158898494014,0.050308158898494014
118,-8.288754506944827,1.0741019799838931,0.004063371295087435,-0.030964466848225906,0.030964466848225906
119,-8.236000719386979,1.0742731785334232,0.001932115564263336,-0.049896234129846506,0.049896234129846506
120,-8.183367106515998,1.074305600873916,-0.0006895672598303085,-0.049720821203811466,0.049720821203811466
121,-8.130851285673291,1.074200670915052,-0.003295711606005844,-0.049527711200912254,0.049527711200912254
122,-8.078450865991062,1.0739598259504557,-0.00588569398923474,-0.04932168778047278,0.04932168778047278
123,-8.026163456601523,1.0735845032737532,-0.008459019452281497,-0.04910274221357239,0.04910274221357239
124,-7.9739866666368675,1.0730761401785696,-0.011015194977402819,-0.048870874619525835,0.048870874619525835
125,-7.921918105229303,1.072436173958529,-0.013553729744318298,-0.04862609402515459,0.04862609402515459
126,-7.86995538151103,1.0716660419072574,-0.016074135387700545,-0.048368418414186265,0.048368418414186265
127,-7.818096104614256,1.0707671813183801,-0.018575926253852234,-0.04809787476057908,0.04809787476057908
128,-7.76633788367118,1.0697410294855216,-0.021058619656220648,-0.04781449905139595,0.04781449905139595
129,-7.714678327814009,1.068589023702308,-0.0235217361295945,-0.04751833630054887,0.04751833630054887
130,-7.663115046174942,1.0673126012623633,-0.02596479968262436,-0.04720944054429511,0.04720944054429511
131,-7.61164564788618,1.065913199459313,-0.02838733804840535,-0.04688787483103582,0.04688787483103582
132,-7.560267742079936,1.064392255586783,-0.030788882932934046,-0.04655371119561855,0.04655371119561855
133,-7.508978937888402,1.0627512069383975,-0.0331689702610382,-0.04620703061971469,0.04620703061971469
134,-7.45777684444379,1.060991490807782,-0.035527140419624154,-0.04584792298589764,0.04584792298589764
135,-7.4066590708782964,1.0591145444885615,-0.037862938497982244,-0.04547648701414053,0.04547648701414053
136,-7.355623226324129,1.0571218052743618,-0.040175914524870085,-0.04509283019079893,0.04509283019079893
137,-7.304666919913488,1.055014710458807,-0.04246562370210277,-0.044697068680783554,0.044697068680783554
138,-7.253787760778576,1.0527946973355229,-0.04473162663448514,-0.04428932723619451,0.04428932723619451
139,-7.2029833580516,1.050463203198135,-0.04697348955586049,-0.04386973908605027,0.04386973908605027
140,-7.152251320864759,1.0480216653402674,-0.049190784550934084,-0.04343844581801965,0.04343844581801965
141,-7.101589258350258,1.045471521055546,-0.05138308977280237,-0.04299559725212505,0.04299559725212505
142,-7.050994779640302,1.0428142076375961,-0.0535499896559265,-0.04254135129914143,0.04254135129914143
143,-7.000465493867087,1.040051162380042,-0.055691075124294796,-0.042075873811468434,0.042075873811468434
144,-6.949999010162824,1.0371838225765095,-0.05780594379468676,-0.041599338425488123,0.041599338425488123
145,-6.899592937659713,1.034213625520624,-0.059894200174809516,-0.04111192639131772,0.04111192639131772
146,-6.8492448854899575,1.03114200850601,-0.06195545585608089,-0.040613826394251484,0.040613826394251484
147,-6.798952462785762,1.027970408826293,-0.06398932970101452,-0.04010523437137573,0.04010523437137573
148,-6.748713278679321,1.0247002637750973,-0.06599544802494572,-0.039586353311506034,0.039586353311506034
149,-6.698524942302851,1.0213330106460496,-0.06797344477202892,-0.039057393058337435,0.039057393058337435
150,-6.648385062788544,1.017870086732774,-0.0699229616853361,-0.03851857009348968,0.03851857009348968
151,-6.598291249268612,1.0143129293288962,-0.07184364847091926,-0.037970107324213756,0.037970107324213756
152,-6.548241110875253,1.0106629757280405,-0.07373516295576384,-0.03741223385439031,0.03741223385439031
153,-6.498232256740669,1.0069216632238327,-0.07559717123949813,-0.036845184757864476,0.036845184757864476
154,-6.448262295997066,1.003090429109898,-0.07742934783981259,-0.03626920083932356,0.03626920083932356
155,-6.398328837776647,0.9991707106798614,-0.07923137583139495,-0.03568452839201229,0.03568452839201229
156,-6.3484294912116095,0.9951639452273476,-0.08100294697843399,-0.035091418953410905,0.035091418953410905
157,-6.2985618654341655,0.9910715700459825,-0.08274376186056295,-0.03449012905091174,0.03449012905091174
158,-6.248723569576515,0.986895022429391,-0.08445352999217666,-0.03388091994871405,0.03388091994871405
159,-6.198912212770856,0.9826357396711979,-0.08613196993511925,-0.03326405738750257,0.03326405738750257
160,-6.149125404149396,0.9782951590650285,-0.08777880940466037,-0.03263981132293632,0.03263981132293632
161,-6.099360752844339,0.9738747179045079,-0.08939378536875975,-0.032008455660655126,0.032008455660655126
162,-6.049615867987887,0.9693758534832618,-0.09097664414062469,-0.03137026799079204,0.03137026799079204
163,-5.999888358712242,0.9648000030949148,-0.09252714146449155,-0.03072552931670451,0.03072552931670451
164,-5.95017583414961,0.9601486040330922,-0.09404504259465789,-0.030074523787456394,0.030074523787456394
165,-5.900475903432186,0.9554230935914187,-0.09553012236781824,-0.029417538426243565,0.029417538426243565
166,-5.850786175692183,0.95062490906352,-0.09698216526864153,-0.02875486285832968,0.02875486285832968
167,-5.801104260061801,0.9457554877430214,-0.098400965488673,-0.028086789041433503,0.028086789041433503
168,-5.751427765673242,0.9408162669235477,-0.09978632697857315,-0.027413610993163362,0.027413610993163362
169,-5.701754301658708,0.9358086838987238,-0.10113806349371278,-0.026735624521779494,0.026735624521779494
170,-5.6520814771504035,0.9307341759621752,-0.10245599863321281,-0.026053126957237525,0.026053126957237525
171,-5.602406901280532,0.9255941804075272,-0.10373996587245606,-0.025366416883590256,0.025366416883590256
172,-5.552728183181296,0.9203901345284046,-0.104989808589123,-0.024675793873147105,0.024675793873147105
173,-5.503042931984898,0.9151234756184327,-0.10620538008284122,-0.023981558223954626,0.023981558223954626
174,-5.453348756823543,0.9097956409712364,-0.10738654358849913,-0.02328401069791462,0.02328401069791462
175,-5.403643266829432,0.9044080678804414,-0.10853317228332665,-0.022583452264740893,0.022583452264740893
176,-5.35392407113477,0.8989621936396723,-0.10964514928780353,-0.02188018384528716,0.02188018384528716
177,-5.30418877887176,0.8934594555425546,-0.11072236766048013,-0.02117450606209187,0.02117450606209187
178,-5.2544349991726005,0.8879012908827131,-0.11176473038684796,-0.02046671899176237,0.02046671899176237
179,-5.2046603411695,0.8822891369537732,-0.1127674509678884,-0.019569750019437577,0.019569750019437577
180,-5.154862760868705,0.8766249442644715,-0.11370298220668504,-0.017763953085259295,0.017763953085259295
181,-5.1050418993352,0.8709131564406388,-0.11454171895233481,-0.01568843104850711,0.01568843104850711
182,-5.055197908584361,0.8651589730812441,-0.1152769480633711,-0.013619482539033067,0.013619482539033067
183,-5.005330940745876,0.8593675939543917,-0.11590886983582595,-0.011556893372875765,0.011556893372875765
184,-4.955441147949438,0.8535442188281869,-0.11643767701649568,-0.009500383281099995,0.009500383281099995
185,-4.905528682324733,0.8476940474707341,-0.11686355310739839,-0.007449668631122196,0.007449668631122196
186,-4.855593696001453,0.8418222796501383,-0.11718667224886176,-0.005404463363192028,0.005404463363192028
187,-4.805636341109288,0.8359341151345047,-0.11740719913412563,-0.0033644799092754454,0.0033644799092754454
188,-4.755656769777927,0.8300347536919375,-0.11752528895500253,-0.0013294300954826371,0.0013294300954826371
189,-4.7056551341370625,0.8241293950905421,-0.11754108737819116,0.0007009739695011336,0.0007009739695011336
190,-4.65563158631638,0.8182232390984229,-0.11745473055188681,0.002727019018972136,0.002727019018972136
191,-4.605586278445574,0.8123214854836849,-0.11726634514232957,0.0047489897653840134,0.0047489897653840134
192,-4.555519362654333,0.8064293340144331,-0.11697604840005021,0.006767168044322223,0.006767168044322223
193,-4.5054309910723465,0.8005519844587721,-0.11658394825555317,0.008781831970440345,0.008781831970440345
194,-4.455321315829303,0.7946946365848067,-0.11609014344423052,0.010793255096652587,0.010793255096652587
195,-4.405190489054893,0.7888624901606416,-0.11549472366036033,0.012801705581536357,0.012801705581536357
196,-4.35503866287881,0.7830607449543823,-0.11479776974005783,0.014807445358096817,0.014807445358096817
197,-4.30486598943074,0.7772946007341329,-0.11399935387310098,0.016810729307359683,0.016810729307359683
198,-4.254672620840376,0.7715692572679989,-0.11309953984358181,0.01881180443093929,0.01881180443093929
199,-4.204458709237404,0.7658899143240842,-0.11209838329934978,0.020810909026705834,0.020810909026705834
200,-4.154224406751516,0.7602617716704945,-0.11099593205029917,0.022808271858944205,0.022808271858944205
201,-4.103969865512405,0.7546900290753343,-0.1097922263955136,0.024804111332175565,0.024804111332175565
202,-4.053695237649756,0.7491798863067085,-0.1084872994793504,0.0267986346557829,0.0267986346557829
203,-4.0034006752932605,0.7437365431327218,-0.10708117767658554,0.02879203700994636,0.02879203700994636
204,-3.9530863305726105,0.7383651993214791,-0.10557388100669828,0.03078450070333492,0.03078450070333492
205,-3.9027523556174946,0.7330710546410854,-0.10396542357747865,0.03277619432729643,0.03277619432729643
206,-3.852398902557602,0.7278593088596453,-0.10225581405809854,0.03476727190298961,0.03476727190298961
207,-3.802026123522623,0.7227351617452635,-0.10044505618179729,0.03675787202417507,0.03675787202417507
208,-3.7516341706422485,0.7177038130660452,-0.09853314927839453,0.03874811699019406,0.03874811699019406
209,-3.7012231960461675,0.7127704625900952,-0.09652008883681562,0.04073811193553793,0.04073811193553793
210,-3.6507933518640714,0.707940310085518,-0.09440586709776248,0.042727943951603245,0.042727943951603245
211,-3.6003447902256487,0.7032185553204189,-0.09219047367679825,0.04471768119984726,0.04471768119984726
212,-3.5498776632605873,0.6986103980629021,-0.08987389621797308,0.04670737202288853,0.04670737202288853
213,-3.4993921230985823,0.6941210380810731,-0.08745612107814513,0.04869704404641348,0.04869704404641348
214,-3.4488883218693216,0.6897556751430364,-0.08493713404219891,0.05068670327771537,0.05068670327771537
215,-3.3983664117024937,0.685519509016897,-0.08231692106925934,0.05267633319985978,0.05267633319985978
216,-3.3478265447277873,0.681417739470759,-0.07959546906997705,0.054665893864404,0.054665893864404
217,-3.2972688730748967,0.6774555662727284,-0.07677276671501783,0.05665532097852407,0.05665532097852407
218,-3.2466935488735094,0.6736381891909093,-0.07384880527474026,0.058644524998053296,0.058644524998053296
219,-3.196100724253315,0.6699708079934066,-0.07082357949002745,0.06063339021704209,0.06063339021704209
220,-3.1454905513440035,0.6664586224483252,-0.06769708847428159,0.06262177386349815,0.06262177386349815
221,-3.094863182275266,0.6631068323237699,-0.06446933664637106,0.06460950520214201,0.06460950520214201
222,-3.0442187691767923,0.6599206373878458,-0.06114033469439564,0.06659638464273127,0.06659638464273127
223,-2.9935574641782714,0.6569052374086574,-0.057710100569977524,0.06858218286400823,0.06858218286400823
224,-2.9428794194093952,0.6540658321543099,-0.054178660512746675,0.07056663994757179,0.07056663994757179
225,-2.8921847869998496,0.6514076213929075,-0.05054605010458404,0.07254946453452839,0.07254946453452839
226,-2.841473719079328,0.6489358048925555,-0.04681231535309212,0.07453033299888695,0.07453033299888695
227,-2.79074636777752,0.6466555824213587,-0.042977513803687986,0.0765088886504039,0.0765088886504039
228,-2.7400028852241163,0.6445721537474219,-0.03904171567953603,0.07848474096469925,0.07848474096469925
229,-2.6892434235488034,0.64269071863885,-0.03500500504849751,0.08045746484869484,0.08045746484869484
230,-2.6384681348812746,0.6410164768637475,-0.03086748101608241,0.08242659994490827,0.08242659994490827
231,-2.587677171351219,0.6395546281902196,-0.026629258943310283,0.08439164997896231,0.08439164997896231
232,-2.536870685088326,0.6383103723863709,-0.022290471688196593,0.08635208215801214,0.08635208215801214
233,-2.4860488282222857,0.6372889092203065,-0.017851270869452644,0.08830732662260561,0.08830732662260561
234,-2.4352117528827883,0.6364954384601309,-0.013311828150829326,0.0902567759608574,0.0902567759608574
235,-2.3843596111995238,0.6359351598739491,-0.008672336544364811,0.09219978478819087,0.09219978478819087
236,-2.333492555302183,0.6356132732298662,-0.003933011730649287,0.09413566940080755,0.09413566940080755
237,-2.282610737320453,0.6355349782959865,0.0009059066060224559,0.09606370751008315,0.09606370751008315
238,-2.231714309384027,0.6357054748404151,0.005841448990127488,0.09787707444905527,0.09787707444905527
239,-2.180803512078245,0.6361296867733992,0.01070243354606799,0.09308695328625866,0.09308695328625866
240,-2.12988409823127,0.6367953475206732,0.015057673786540696,0.07798702298957255,0.07798702298957255
241,-2.0789704845975496,0.6376631711811006,0.01862298814073626,0.06206373701626234,0.06206373701626234
242,-2.028077847413379,0.6386915033329031,0.02137794323170478,0.0461880661096745,0.0461880661096745
243,-1.9772213629150528,0.6398386895543023,0.023323861647473382,0.03031732893830871,0.03031732893830871
244,-1.926416207338862,0.6410630754235199,0.024460590656535924,0.014407311089892943,0.014407311089892943
245,-1.8756775569211062,0.642323006518777,0.024786457219396704,-0.001587550002155396,0.001587550002155396
246,-1.8250205878980772,0.6435768284182958,0.0242982315300432,-0.017713995797054308,0.017713995797054308
247,-1.7744604765060688,0.6447828867002974,0.022991098869984048,-0.034019781045899346,0.034019781045899346
248,-1.7240123989813758,0.6458995269430036,0.020858639915306308,-0.05055349916133959,0.05055349916133959
249,-1.6736915315602923,0.6468850947246361,0.017892820014578106,-0.0673643849305595,0.0673643849305595
250,-1.6235130504791127,0.6476979356234163,0.014083988356557876,-0.0845020797877136,0.0845020797877136
251,-1.5734921319741306,0.6482963952175659,0.009420888375419992,-0.10201634344859543,0.10201634344859543
252,-1.5236439522816383,0.6486388190853064,0.003890681201523776,-0.11995669406881132,0.11995669406881132
253,-1.4739836876379353,0.6486835528048593,-0.0025210155400465194,-0.1383719572734003,0.1383719572734003
254,-1.4245265142793124,0.6483889419544464,-0.009849596523152699,-0.15809131600824172,0.15809131600824172
255,-1.3752840812332616,0.6477113700659518,-0.018224576684382484,-0.18209562949420938,0.18209562949420938
256,-1.3262509453997653,0.6465977129987489,-0.02777936912153445,-0.2075656049894698,0.2075656049894698
257,-1.2774164935459955,0.6449919706724215,-0.03854817484038834,-0.23323777075355692,0.23323777075355692
258,-1.2287701113234248,0.6428381423859336,-0.05053334698054716,-0.259005101478071,0.259005101478071
259,-1.1803011843835258,0.6400802274382494,-0.06373347455631062,-0.28474268383363893,0.28474268383363893
260,-1.1319990983777717,0.636662225128333,-0.07814282207599876,-0.3103065071850002,0.3103065071850002
261,-1.083853238957632,0.6325281347551486,-0.09375073745290526,-0.33553306847761133,0.33553306847761133
262,-1.0358529917745847,0.6276219556176602,-0.11054105064622667,-0.3602397001677973,0.3602397001677973
263,-0.9879877424800994,0.6218876870148321,-0.12849148346691483,-0.3842257806381537,0.3842257806381537
264,-0.9402468767256491,0.6152693282456284,-0.14757309497469548,-0.4072749700702561,0.4072749700702561
265,-0.892619780162706,0.6077108786090132,-0.16774979041086185,-0.4291585797838264,0.4291585797838264
266,-0.8450958384427433,0.5991563374039505,-0.188977924219952,-0.44964012710922335,0.44964012710922335
267,-0.7976644372172333,0.5895497039294048,-0.211206028928609,-0.4684810506830423,0.4684810506830423
268,-0.7503149621376486,0.5788349774843397,-0.2343747009916759,-0.485447465386843,0.485447465386843
269,-0.7030367988554592,0.5669561573677192,-0.2582455253367037,-0.49337333361173996,0.49337333361173996
270,-0.6558187581080548,0.5538743927840655,-0.2812432416589553,-0.4454557367533141,0.4454557367533141
271,-0.6086451087886645,0.5396863178736346,-0.3013992021063277,-0.3733180483650691,0.3733180483650691
272,-0.5614979635935672,0.5245528869505445,-0.31814103163395463,-0.3033598654507698,0.3033598654507698
273,-0.5143594221810793,0.508635443256278,-0.33153815164633815,-0.23562011355423768,0.23562011355423768
274,-0.4672115842095179,0.4920953300323181,-0.3416581384923521,-0.16984632822890766,0.16984632822890766
275,-0.4200365493371996,0.4750938905201481,-0.34855903182037595,-0.1056949627437337,0.1056949627437337
276,-0.37281641722244085,0.4577924679612507,-0.35228671290158337,-0.042765885567289684,0.042765885567289684
277,-0.3255332875235583,0.44035240559710914,-0.35287331542988315,0.019369664943681843,0.019369664943681843
278,-0.2781692598988663,0.4229350466692054,-0.3503365197015713,0.08114561093531587,0.08114561093531587
279,-0.23070643400668628,0.4057017344190244,-0.34467963681237296,0.14297991735419008,0.14297991735419008
280,-0.1831269095053326,0.3888138120880482,-0.3358924464888281,0.2052537659350765,0.2052537659350765
281,-0.1354127860531219,0.3724326229177599,-0.3239528066289344,0.26828912818561906,0.26828912818561906
282,-0.08754616330837069,0.3567195101496424,-0.3088291013811617,0.33232311366710476,0.33232311366710476
283,-0.03950914092939581,0.3418358170251788,-0.29048390442602934,0.39746707842687445,0.39746707842687445
284,0.008716177844349887,0.327942859465251,-0.2693838786776888,0.44345167325449986,0.44345167325449986
285,0.05714103613857643,0.31515119260198826,-0.24757131599693638,0.4272787996184961,0.4272787996184961
286,0.1057562270401854,0.3034153575803514,-0.22692065498802616,0.3982879719753944,0.3982879719753944
287,0.15454862766805655,0.2926600205025636,-0.20775871679446106,0.3685448233846215,0.3685448233846215
288,0.20350511514107725,0.2828098474708458,-0.19010694051445323,0.3382643646451357,0.3382643646451357
289,0.2526125665781324,0.27378950458742013,-0.17398013978427418,0.30762771917532444,0.30762771917532444
290,0.30185785909810686,0.2655236579545083,-0.15938765101590202,0.27678260968762036,0.27678260968762036
291,0.35122786981988563,0.25793697367433216,-0.14633443106544455,0.24584498236977062,0.24584498236977062
292,0.4007094758623532,0.25095411784911353,-0.13482207838580113,0.21490144418056376,0.21490144418056376
293,0.4502895543443948,0.24449975658107428,-0.124849759866658,0.18401223457191304,0.18401223457191304
294,0.49995498238489505,0.23849855597243627,-0.11641503229047899,0.15321450725388586,0.15321450725388586
295,0.5496926371027417,0.23287518212542108,-0.10951455255693338,0.1225257530892811,0.1225257530892811
296,0.5994893956168142,0.22755430114225106,-0.10414467461320108,0.09194724691567156,0.09194724691567156
297,0.6493321350459998,0.22246057912514783,-0.10030193352459044,0.06146744615871142,0.06146744615871142
298,0.699207732509184,0.21751868217633322,-0.09793866894453014,0.032850357038768915,0.032850357038768915
299,0.7491038331124663,0.21265770876890197,-0.09656363006471433,0.02200959593813683,0.02200959593813683
300,0.799015711944989,0.20785079315406513,-0.09547706929930964,0.021329243306755476,0.021329243306755476
301,0.8489430131539065,0.2030962852182558,-0.0944213807208313,0.020769495438262932,0.020769495438262932
302,0.8988854324380884,0.19839283237411984,-0.09339353565333944,0.02021053863802286,0.02021053863802286
303,0.9488426654964078,0.19373908203430298,-0.0923935085073241,0.01965236495561179,0.01965236495561179
304,0.9988144080277304,0.1891336816114517,-0.0914212739605132,0.019094965775686437,0.019094965775686437
305,1.0488003557309287,0.18457527851821165,-0.09047680698000862,0.018538331839896578,0.018538331839896578
306,1.098800204304873,0.18006252016722873,-0.08956008284371335,0.01798245326850619,0.01798245326850619
307,1.1488136494484342,0.17559405397114902,-0.08867107716106902,0.017427319581327688,0.017427319581327688
308,1.1988403868604818,0.17116852734261828,-0.08780976589308462,0.016872919719892403,0.016872919719892403
309,1.2488801122398872,0.16678458769428262,-0.08697612537168532,0.016319242067020075,0.016319242067020075
310,1.2989325212855198,0.16244088243878788,-0.08617013231837942,0.01576627446886259,0.01576627446886259
311,1.3489973096962504,0.15813605898877994,-0.08539176386223436,0.015214004254615719,0.015214004254615719
312,1.3990741731709522,0.15386876475690464,-0.08464099755720089,0.01466241825681979,0.01466241825681979
313,1.44916280740849,0.14963764715580827,-0.08391781139875809,0.014111502831932974,0.014111502831932974
314,1.4992629081077364,0.1454413535981366,-0.08322218383989927,0.013561243879654943,0.013561243879654943
315,1.5493741709675628,0.14127853149653555,-0.08255409380647087,0.013011626862816351,0.013011626862816351
316,1.5994962916868392,0.13714782826365107,-0.08191352071185573,0.012462636826853597,0.012462636826853597
317,1.649628965964435,0.1330478913121291,-0.08130044447101138,0.011914258419088304,0.011914258419088304
318,1.6997718894992218,0.12897736805461554,-0.08071484551387446,0.01136647590758783,0.01136647590758783
319,1.7499247579900696,0.12493490590375639,-0.08015670479813228,0.010819273200203391,0.010819273200203391
320,1.800087267135851,0.12091915227219732,-0.07962600382135888,0.010272633863392304,0.010272633863392304
321,1.8502591126354315,0.11692875457258471,-0.07912272463253235,0.009726541140403933,0.009726541140403933
322,1.9004399901876838,0.11296236021756433,-0.07864684984293445,0.009180977969900923,0.009180977969900923
323,1.9506295954914787,0.10901861661978206,-0.07819836263643162,0.008635927004031131,0.008635927004031131
324,2.000827624245686,0.10509617119188383,-0.07777724677914506,0.008091370626588016,0.008091370626588016
325,2.0510337721491765,0.10119367134651563,-0.07738348662851985,0.007547290970541053,0.007547290970541053
326,2.10124773490082,0.09730976449632336,-0.07701706714178708,0.007003669936302126,0.007003669936302126
327,2.151469208199488,0.09344309805395298,-0.07667797388382838,0.006460489208742965,0.006460489208742965
328,2.20169788774405,0.08959231943205044,-0.0763661930344501,0.00591773027505605,0.00591773027505605
329,2.2519334692333786,0.08575607604326142,-0.07608171139505555,0.0053753744420953565,0.0053753744420953565
330,2.30217564836634,0.08193301530023234,-0.0758245163947422,0.004833402853084924,0.004833402853084924
331,2.352424120841806,0.07812178461560887,-0.07559459609580735,0.004291796505468931,0.004291796505468931
332,2.4026785823586474,0.07432103140203697,-0.07539193919866673,0.0037505362673770646,0.0037505362673770646
333,2.4529387286157363,0.0705294030721626,-0.07521653504620823,0.0032096028944767806,0.0032096028944767806
334,2.5032042553119407,0.06674554703863168,-0.0750683736275553,0.0026689770473772223,0.0026689770473772223
335,2.553474858146131,0.06296811071409014,-0.0749474455812559,0.0021286393077535235,0.0021286393077535235
336,2.603750232817179,0.05919574151118394,-0.07485374219791197,0.0015885701951028795,0.0015885701951028795
337,2.654030075023955,0.05542708684255898,-0.07478725542222968,0.0010487501835673495,0.0010487501835673495
338,2.70431408046533,0.051660794120861026,-0.07474797785449386,0.0005091597185114577,0.0005091597185114577
339,2.7546019448401715,0.04789551075873645,-0.07473590275149085,-3.0220767689015505e-05,3.0220767689015505e-05
340,2.8048933638473517,0.04412988416883094,-0.07475102402685918,-0.0005694108382756161,0.0005694108382756161
341,2.8551880331857395,0.04036256176379045,-0.07479333625086464,-0.0011084300362455579,0.0011084300362455579
342,2.9054856485542078,0.0365921909562609,-0.0748628346496296,-0.001647297868179321,0.001647297868179321
343,2.9557859056516254,0.032817419158888264,-0.07495951510379083,-0.002186033787386269,0.002186033787386269
344,3.0060885001768627,0.029036893784318438,-0.07508337414658939,-0.002724657177903376,0.002724657177903376
345,3.0563931278287906,0.025249262245197406,-0.07523440896140915,-0.003263187338298237,0.003263187338298237
346,3.106699484306281,0.021453171954170878,-0.07541261737874574,-0.0038016434649566374,0.0038016434649566374
347,3.1570072653082004,0.017647270323885203,-0.07561799787261603,-0.004340044636278657,0.004340044636278657
348,3.2073161665334204,0.01383020476698612,-0.07585054955640468,-0.004878409795836718,0.004878409795836718
349,3.257625883680814,0.010000622696119548,-0.0761102721781503,-0.0054167577366350415,0.0054167577366350415
350,3.307936112449249,0.006157171523931464,-0.07639716611526642,-0.005955107084075014,0.005955107084075014
351,3.358246548537595,0.0022984986630677565,-0.07671123236869097,-0.006493476279930516,0.006493476279930516
352,3.408556887644725,-0.0015767484738255996,-0.0770524725564857,-0.007031883566134159,0.007031883566134159
353,3.4588668254695083,-0.005469922474102676,-0.0774208889068601,-0.007570346967688223,0.007570346967688223
354,3.509176057710815,-0.009382375925117547,-0.07781648425062354,-0.008108884276576118,0.008108884276576118
355,3.559484280067518,-0.013315461414224454,-0.0782392620130766,-0.008647513035041547,0.008647513035041547
356,3.609791188238483,-0.017270531528777062,-0.07868922620532715,-0.009186250518867786,0.009186250518867786
357,3.6600964779225835,-0.021248938856129634,-0.07916638140703611,-0.009725113403729528,0.009725113403729528
358,3.7103998448187974,-0.025252035982835038,-0.07966395934894176,-0.00999565628992153,0.00999565628992153
359,3.760701077723494,-0.02928049714817908,-0.08014895142758818,-0.009226302391441918,0.009226302391441918
360,3.811000326078196,-0.033332368777082066,-0.08058876577103179,-0.00820513214947099,0.00820513214947099
361,3.8612978266416356,-0.03740506106399964,-0.08097704834479194,-0.007183933002076169,0.007183933002076169
362,3.9115938161725494,-0.041495984203387515,-0.08131379825690994,-0.006162712654788086,0.006162712654788086
363,3.961888531429675,-0.045602548389701535,-0.0815990148597353,-0.005141477954668852,0.005141477954668852
364,4.012182209171744,-0.049722163817397,-0.08183269772310053,-0.004120235012579986,0.004120235012579986
365,4.062475086157493,-0.05385224068092971,-0.082014846611598,-0.003098989324744524,0.003098989324744524
366,4.1127673991456595,-0.057990189174755444,-0.08214546146596614,-0.0020777458953556613,0.0020777458953556613
367,4.163059384894976,-0.0621334194933298,-0.08222454238857335,-0.0010565093576668082,0.0010565093576668082
368,4.213351280164178,-0.06627934183110844,-0.08225208963300529,-3.528409686391882e-05,3.528409686391882e-05
369,4.2636433217120056,-0.07042536638254707,-0.08222810359777499,0.0009859256280723902,0.0009859256280723902
370,4.313935746297189,-0.07456890334210135,-0.08215258482411392,0.002007115563183841,0.002007115563183841
371,4.364228790678466,-0.07870736290422695,-0.08202553399787518,0.0030282813363914796,0.0030282813363914796
372,4.4145226916145734,-0.08283815526337976,-0.08184695195555314,0.004049418336205136,0.004049418336205136
373,4.464817685864243,-0.08695869061401502,-0.08161683969439136,0.005070521589680533,0.005070521589680533
374,4.515114010186213,-0.09106637915058863,-0.08133519838660569,0.006091585640105487,0.006091585640105487
375,4.565411901339217,-0.09515863106755623,-0.08100202939769706,0.007112604425992261,0.007112604425992261
376,4.61571159608199,-0.09923285655937347,-0.08061733430887227,0.008133571158067343,0.008133571158067343
377,4.6660133311732706,-0.10328646582049612,-0.08018111494357244,0.009154478198352873,0.009154478198352873
378,4.716317343371792,-0.10731686904537976,-0.07969337339808596,0.010175316938098781,0.010175316938098781
379,4.766623869436291,-0.11132147642848012,-0.07915411207626362,0.01119607767626629,0.01119607767626629
380,4.816933146125503,-0.115297698164253,-0.07856333372832579,0.012216749497924534,0.012216749497924534
381,4.867245410198161,-0.11924294444715375,-0.07792104149376348,0.013237320152775497,0.013237320152775497
382,4.917560898413003,-0.12315462547163818,-0.07722723894832653,0.01425777593395101,0.01425777593395101
383,4.967879847528762,-0.12703015143216198,-0.07648193015508774,0.015278101557100082,0.015278101557100082
384,5.018202494304176,-0.13086693252318082,-0.07568511971959362,0.016298280038962738,0.016298280038962738
385,5.068529075497979,-0.1346623789391504,-0.07483681284908549,0.01731829257728889,0.01731829257728889
386,5.1188598278689055,-0.13841390087452635,-0.07393701541577544,0.018338118430263166,0.018338118430263166
387,5.169194988175694,-0.14211890852376435,-0.07298573402420117,0.019357734795746998,0.019357734795746998
388,5.219534793177077,-0.14577481208132007,-0.07198297608261353,0.02037711669283706,0.02037711669283706
389,5.269879479631794,-0.14937902174164944,-0.07092874987839852,0.021396236841424887,0.021396236841424887
390,5.320229284298576,-0.15292894769920767,-0.06982306465754448,0.02241506554369845,0.02241506554369845
391,5.37058444393616,-0.1564220001484506,-0.06866593070811054,0.023433570565957285,0.023433570565957285
392,5.420945195303279,-0.15985558928383395,-0.0674573594476842,0.024451717021081704,0.024451717021081704
393,5.471311775158673,-0.16322712529981342,-0.06619736351483857,0.025469467250568034,0.025469467250568034
394,5.521684420261076,-0.1665340183908447,-0.06488595686454253,0.02648678070948013,0.02648678070948013
395,5.572063367369221,-0.16977367875138327,-0.06352315486750272,0.027503613850100812,0.027503613850100812
396,5.622448853241847,-0.17294351657588503,-0.0621089744134357,0.02851992000777095,0.02851992000777095
397,5.672841114637689,-0.1760409420588057,-0.06064343401821553,0.029535649287627454,0.029535649287627454
398,5.723240388315478,-0.17906336539460063,-0.05912655393488945,0.03055074845178265,0.03055074845178265
399,5.773646911033953,-0.18200819677772567,-0.05755835626852107,0.03156516080877447,0.03156516080877447
400,5.82406091955185,-0.18487284640263654,-0.055938865094814896,0.03257882610383809,0.03257882610383809
401,5.874482650627902,-0.1876547244637888,-0.05426810658249958,0.033591680410605444,0.033591680410605444
402,5.924912341020846,-0.19035124115563817,-0.052546109119419114,0.034603656024885854,0.034603656024885854
403,5.97535022748942,-0.19295980667264045,-0.050772903442281685,0.03561468135998106,0.03561468135998106
404,6.025796546792353,-0.1954778312092511,-0.04894852277001699,0.0366246808441683,0.0366246808441683
405,6.076251535688386,-0.19790272495992592,-0.047073002940693075,0.037633574819909366,0.037633574819909366
406,6.126715430936255,-0.20023189811912065,-0.04514638255192238,0.03864127944614338,0.03864127944614338
407,6.17718846929469,-0.20246276088129075,-0.043168703104695554,0.039647706602210196,0.039647706602210196
408,6.2276708875224305,-0.20459272344089202,-0.04114000915057593,0.040652763795199456,0.040652763795199456
409,6.27816292237821,-0.2066191959923801,-0.03906034844217291,0.04165635406969348,0.04165635406969348
410,6.328664810620767,-0.20853958873021067,-0.03692977208682236,0.04265837592077739,0.04265837592077739
411,6.379176789008831,-0.21035131184883937,-0.034748334703370944,0.0436587232107922,0.0436587232107922
412,6.429699094301144,-0.21205177554272192,-0.032516094581991985,0.04465728508846148,0.04465728508846148
413,6.480231963256439,-0.21363839000631404,-0.030233113846915967,0.04565394591357462,0.04565394591357462
414,6.5307756326334525,-0.21510856543407134,-0.027899458621976677,0.04664858518373916,0.04664858518373916
415,6.581330339190917,-0.21645971202044945,-0.02551519919886309,0.04764107746714668,0.04764107746714668
416,6.631896319687568,-0.21768923995990402,-0.023080410207950496,0.04863129233848083,0.04863129233848083
417,6.6824738108821435,-0.21879455944689086,-0.020595170791588128,0.049619094320770656,0.049619094320770656
418,6.733063049533379,-0.21977308067586554,-0.018061331992958774,0.05053444780393752,0.05053444780393752
419,6.783664325750892,-0.22062239368844283,-0.015911096196575693,0.034434396778010634,0.034434396778010634
420,6.834290915128251,-0.22138386291555895,-0.015563597487021304,-0.020663509780086648,0.020663509780086648
421,6.884985934919206,-0.22219944976676617,-0.01813816528277942,-0.0807320509699563,0.0807320509699563
422,6.93579667840965,-0.22322519315981879,-0.023748484472621987,-0.139772345160104,0.139772345160104
423,6.9867704388854746,-0.22461713201247116,-0.03235149522165858,-0.19723953867985045,0.19723953867985045
424,7.037954509632569,-0.22653130524247755,-0.043884955940375184,-0.25256779332460655,0.25256779332460655
425,7.0893961839368265,-0.22912375176759214,-0.058266249699450316,-0.30516534357379205,0.30516534357379205
426,7.141142755084138,-0.23255051050556935,-0.07535099849546704,-0.352897580698323,0.352897580698323
427,7.19324030718586,-0.23696335291998363,-0.09309125426774223,-0.32592004039215167,0.32592004039215167
428,7.2456770932268455,-0.2423099511691742,-0.1069448889817083,-0.2011959672446469,0.2011959672446469
429,7.298359300210954,-0.2482483477480475,-0.114225527999206,-0.07438874212014406,0.07438874212014406
430,7.351186872101454,-0.2544145520298532,-0.11487678808084797,0.049633231653877785,0.049633231653877785
431,7.40405975286162,-0.2604445733878415,-0.10894115731542454,0.1738274595669634,0.1738274595669634
432,7.45687788645472,-0.2659744211952618,-0.09635775761171544,0.30104749384725576,0.30104749384725576
433,7.509541216844028,-0.27064010482536444,-0.07696836375227173,0.4339295052188053,0.4339295052188053
434,7.561949687992815,-0.27407763365139903,-0.050641484784150724,0.5704174102486601,0.5704174102486601
435,7.614002080754941,-0.2759346849390913,-0.018839872329400074,0.6522452703786871,0.6522452703786871
436,7.665580098769755,-0.2760302483862184,0.0158070023573298,0.6924877623481611,0.6924877623481611
437,7.716552464539469,-0.27431353575778833,0.05225321009285802,0.738075766167887,0.738075766167887
438,7.766787576035776,-0.2707370143914105,0.09071678968273428,0.790813038176515,0.790813038176515
439,7.81615383123037,-0.2652531516246947,0.13146218973606852,0.8513016137169227,0.8513016137169227
440,7.86451962809495,-0.25781441479525,0.17476729591705087,0.9200986854801685,0.9200986854801685
441,7.9117533646012,-0.2483732712406869,0.2209199015757605,0.9976346184810873,0.9976346184810873
442,7.957723438720821,-0.23688218829861452,0.2702113605990311,1.0840939116189081,1.0840939116189081
443,8.002298248425507,-0.22329363330664267,0.3229264691263985,1.1792515088230788,1.1792515088230788
444,8.04534619168695,-0.20756007360238088,0.37932855407361243,1.2822619961192505,1.2822619961192505
445,8.086735666476843,-0.18963397652343866,0.4396388770012081,1.3914110412305662,1.3914110412305662
446,8.126335070766885,-0.16946780940742592,0.5040099530329363,1.503859522595708,1.503859522595708
447,8.164012802528768,-0.147014039591952,0.5724934199123176,1.6154413671925232,1.6154413671925232
448,8.199637259734187,-0.12222513441462665,0.6450032960193989,1.720539170231624,1.720539170231624
449,8.233076949504683,-0.0950536412736115,0.7205399982484407,1.7774232773520608,1.7774232773520608
450,8.264253171000721,-0.06549083011178973,0.7959026204673213,1.7208072869634015,1.7208072869634015
451,8.293224689022,-0.033628800835622204,0.8681418644630439,1.6261117202005442,1.6261117202005442
452,8.320072358734976,0.0004241435384193835,0.9363746496883999,1.51521623610604,1.51521623610604
453,8.34487703530609,0.036559699993863305,1.0002405780941162,1.3955216644299324,1.3955216644299324
454,8.3677195739018,0.074669565514238,1.0595695069764617,1.2733153259455383,1.2733153259455383
455,8.388680829688546,0.11464543708307169,1.114347528681199,1.1534171541245088,1.1534171541245088
456,8.407841657832787,0.15637901168389282,1.164678758880769,1.0391617415771695,1.0391617415771695
457,8.425282913500968,0.1997619863002319,1.2107490147528974,0.932585689916355,0.932585689916355
458,8.441085451859541,0.24468605791561282,1.2527947870267901,0.8347022878594822,0.8347022878594822
459,8.455330128074953,0.29104292351356614,1.2910787481317416,0.7457826469276253,0.7457826469276253
460,8.468097797313655,0.3387242800776201,1.3258716389403882,0.6656000173265962,0.6656000173265962
461,8.479469314742099,0.387621824591303,1.3574396549997951,0.5936215567710724,0.5936215567710724
462,8.48952553552673,0.4376272540381433,1.386036205725751,0.529147997644714,0.529147997644714
463,8.498347314833998,0.4886322654016693,1.4118969475280392,0.4714091167603472,0.4714091167603472
464,8.506015507830355,0.5405285556654094,1.435237147522277,0.41962500233315264,0.41962500233315264
465,8.512610969682255,0.5932078218128919,1.4562506280044174,0.3730424702974568,0.3730424702974568
466,8.518214555556138,0.6465617608276475,1.4751097259170813,0.3309542731229713,0.3309542731229713
467,8.522907120618465,0.7004820696931997,1.4919658563074265,0.29270686136111734,0.29270686136111734
468,8.526769520035673,0.754860445393079,1.5069503896798773,0.25770079554819253,0.25770079554819253
469,8.52988260897422,0.809588584910814,1.5201756428454387,0.22538658586783863,0.22538658586783863
470,8.532327242600555,0.8645581852299331,1.5317358466600555,0.1952577486566476,0.1952577486566476
471,8.534184276081126,0.9196609433339644,1.5417079975291363,0.16684215469540173,0.16684215469540173
472,8.535534564582383,0.9747885562064365,1.5501525276263666,0.1396922338971532,0.1396922338971532
473,8.536458963270777,1.0298327208308775,1.5571137452673283,0.11337423152002983,0.11337423152002983
474,8.537038327312755,1.0846851341908186,1.5626200045946042,0.0874564295513728,0.0874564295513728
475,8.53735351187477,1.1392374932697829,1.566683564542196,0.06149601001067554,0.06149601001067554
476,8.537485372123271,1.1933814950513004,1.569300092037682,0.03502400819558965,0.03502400819558965
477,8.537514763224703,1.2470088365189005,1.5704477539872077,0.007527549447240683,0.007527549447240683
478,8.537522540345522,1.3000112146561114,1.5701165063552254,-0.02039509709771553,0.02039509709771553
479,8.537586333724096,1.3522873544797598,1.5686908735740637,-0.03434642295896852,0.03434642295896852
480,8.537741124004448,1.403828926573934,1.5668378318924032,-0.03756179168108197,0.03756179168108197
481,8.5379917095606,1.4546933772527628,1.5648511544095416,-0.04054642182072529,0.04054642182072529
482,8.538342251127988,1.5049395424257936,1.5627390942696913,-0.04350524020611917,0.04350524020611917
483,8.538796909442047,1.5546262580025758,1.5605047399940006,-0.04640606519452453,0.04640606519452453
484,8.539359845238208,1.6038123598926575,1.5581522092450075,-0.04921534362184347,0.04921534362184347
485,8.540035219251903,1.6525566840055874,1.5556866554118005,-0.05189885666516647,0.05189885666516647
486,8.54082719221857,1.7009180662509145,1.553114255466973,-0.054422509005687916,0.054422509005687916
487,8.541739924873642,1.7489553425381916,1.5504421780896425,-0.0567531746258546,0.0567531746258546
488,8.542777577952547,1.796727348776957,1.547678531663136,-0.05885956687981634,0.05885956687981634
489,8.54394431219073,1.8442929208767658,1.5448322924394051,-0.06071309633583158,0.06071309633583158
490,8.545244288323612,1.8917108947471648,1.541913213876655,-0.06228867817236394,0.06228867817236394
491,8.546681667086634,1.9390401062977032,1.5389317188713643,-0.06356545105519919,0.06356545105519919
492,8.548260609215228,1.9863393914379297,1.5358987772741188,-0.06452737303871091,0.06452737303871091
493,8.549985275444826,2.0336675860773927,1.5328257716602571,-0.06516366528290296,0.06516366528290296
494,8.551859826510864,2.081083526125641,1.5297243547912942,-0.0654690823728156,0.0654690823728156
495,8.553888423148774,2.1286460474922224,1.5266063025137009,-0.06544399734206736,0.06544399734206736
496,8.556075226093988,2.1764139860866853,1.5234833659864915,-0.06509429955514787,0.06509429955514787
497,8.558424396081943,2.22444617781858,1.520367127097611,-0.06443111386471782,0.06443111386471782
498,8.560940093848073,2.2728014585974536,1.5172688607251692,-0.06347035873630096,0.06347035873630096
499,8.563626480127809,2.321538664332855,1.5141994071420233,-0.06223216884714064,0.06223216884714064
500,8.566487715656582,2.3707166309343317,1.5111690573754877,-0.06074021343309408,0.06074021343309408
501,8.569527961169833,2.4203941943114335,1.508187453751837,-0.059020945022923675,0.059020945022923675
502,8.57275137740299,2.4706301903737087,1.5052635072134122,-0.05710281421722834,0.05710281421722834
503,8.576162125091487,2.521483455030706,1.5024053323362778,-0.05501548465327922,0.05501548465327922
504,8.579764364970758,2.573012824191978,1.4996202003325254,-0.05278907914050169,0.05278907914050169
505,8.583562257776238,2.625277133767064,1.4969145097233012,-0.05045348304814666,0.05045348304814666
506,8.587559964243363,2.678335219665519,1.4942937738456474,-0.04803772524430455,0.04803772524430455
507,8.59176164510756,2.732245917796888,1.491762623922488,-0.04556945073044256,0.04556945073044256
508,8.596171461104264,2.7870680640707217,1.4893248260924405,-0.04307449289978604,0.04307449289978604
509,8.600793572968913,2.842860494396569,1.4870564681294425,-0.038021390598659076,0.038021390598659076
510,8.605622580159771,2.8996669782455213,1.4861152291322912,0.004254599838578559,0.004254599838578559
511,8.61050787654798,2.957302473497547,1.4883533052648406,0.07263024359518935,0.07263024359518935
512,8.615185971459537,3.0154040571886487,1.4945693932597317,0.14105935522553398,0.14105935522553398
513,8.619390405887634,3.073604128924921,1.5048567461138322,0.21284442232643944,0.21284442232643944
514,8.622854720825446,3.1315350883124577,1.519446058222708,0.2922301817366245,0.2922301817366245
515,8.625312457266157,3.1888293349573527,1.538739155136143,0.384107094725724,0.384107094725724
516,8.626497156202946,3.245119268465702,1.5633338573270559,0.4945588352466815,0.4945588352466815
517,8.626142358628993,3.300037288443596,1.5940634640673166,0.6315365617488814,0.6315365617488814
518,8.623981605537486,3.3532157944971326,1.6320522279493361,0.805701281297798,0.805701281297798
519,8.6197484379216,3.4042871862324033,1.6787865105110698,1.0313931116931818,1.0313931116931818
520,8.61317639677452,3.4528838632555043,1.7361949803853767,1.3274328720337374,1.3274328720337374
521,8.603999023089424,3.4986382251725323,1.8067141924962307,1.7167897141253285,1.7167897141253285
522,8.591949857859497,3.541182671589572,1.8932767834601374,2.2226361965465853,2.2226361965465853
523,8.576762442077916,3.5801496021127233,1.9990836391851383,2.855760219984691,2.855760219984691
524,8.558170316737868,3.6151714163480815,2.1268677662359643,3.584345341072965,3.584345341072965
525,8.535909462302552,3.6458835092584727,2.2735712015552743,4.085608551939694,4.085608551939694
526,8.50990452301196,3.6721529307602183,2.424960870687092,4.002586475312176,4.002586475312176
527,8.480399896698007,3.6942393472258788,2.567075655259572,3.632558555714825,3.632558555714825
528,8.447670948616745,3.7124404490585015,2.694318761804932,3.123693149440796,3.123693149440796
529,8.411993044024237,3.727053926661138,2.8045961873115024,2.5872886757732156,2.5872886757732156
530,8.37364154817654,3.738377470436837,2.8980477858062104,2.093687492893861,2.093687492893861
531,8.332891826329714,3.746708770788649,2.9760833382539236,1.6721876745095023,1.6721876745095023
532,8.290019243739817,3.752345518119623,3.040597537727939,1.3260137610148368,1.3260137610148368
533,8.245299165662907,3.755585402832807,3.0934978384648018,1.0462757919989327,1.0462757919989327
534,8.199006957355042,3.756726115331253,3.136480457556131,0.8204111437852513,0.8204111437852513
535,8.151417984072284,3.7560653460180102,-3.1122315589827463,0.6361244540829809,0.6361244540829809
536,8.102807611070688,3.753900785296126,-3.0851516484848256,0.4827574003298811,0.4827574003298811
537,8.053451203606317,3.7505301235686535,-3.064617946973767,0.3514536517255342,0.3514536517255342
538,8.003624126935215,3.746251051238638,-3.0500225685141604,0.23484653577697495,0.23484653577697495
539,7.953601746313461,3.741361258709131,-3.0406162739808886,0.14064087992293206,0.14064087992293206
540,7.903622283624374,3.736118766683601,-3.034102453351485,0.11873199671935501,0.11873199671935501
541,7.853740461800097,3.730585616132592,-3.0281500600142395,0.11846415403541694,0.11846415403541694
542,7.80395443758547,3.7247634344591223,-3.0222191144354538,0.11817184234592652,0.11817184234592652
543,7.754262351756892,3.7186538320116576,-3.016310550536665,0.11784919621051794,0.11784919621051794
544,7.704662345090754,3.7122584191386667,-3.010425443293511,0.11749646112938857,0.11749646112938857
545,7.655152558363455,3.7055788061886177,-3.0045648562064593,0.11711391143151435,0.11711391143151435
546,7.605731132351387,3.6986166035099757,-2.998729840553976,0.11670184958210421,0.11670184958210421
547,7.556396207830949,3.691373421451209,-2.992921434668665,0.11626060543582056,0.11626060543582056
548,7.507145925578535,3.683850870360786,-2.9871406632375805,0.11579053543027383,0.11579053543027383
549,7.457978426370542,3.6760505605871736,-2.981388536627963,0.11529202172672343,0.11529202172672343
550,7.408891850983363,3.667974102478838,-2.9756660502392536,0.11476547130985762,0.11476547130985762
551,7.3598843401933935,3.659623106384248,-2.9699741838821945,0.11421131504081884,0.11421131504081884
552,7.310954034777031,3.6509991826518697,-2.9643139011860375,0.1136300066643202,0.1136300066643202
553,7.262099075510669,3.6421039416301717,-2.958686149034417,0.11302202179146638,0.11302202179146638
554,7.213317603170704,3.632938993667621,-2.953091857030531,0.11238785683783432,0.11238785683783432
555,7.164607758533526,3.6235059491126833,-2.947531936992272,0.11172802794098552,0.11172802794098552
556,7.115967682375541,3.613806418313829,-2.942007282477563,0.11104306985300992,0.11104306985300992
557,7.067395515473139,3.6038420116195238,-2.93651876834041,0.11033353480726997,0.11033353480726997
558,7.018889398602715,3.593614339378234,-2.9310672503178945,0.10959999137486096,0.10959999137486096
559,6.970447472540664,3.5831250119384297,-2.9256535646480915,0.10884302331031816,0.10884302331031816
560,6.922067878063384,3.572375639648575,-2.9202785277193395,0.10806322837286837,0.10806322837286837
561,6.873748755947269,3.5613678328571403,-2.9149429357505503,0.10726121717109702,0.10726121717109702
562,6.825488246968713,3.550103201912591,-2.909647564502531,0.10643761197591811,0.10643761197591811
563,6.777284491904115,3.538583357163396,-2.904393169020351,0.10559304555853616,0.10559304555853616
564,6.729135631529869,3.5268099089580223,-2.8991804834061874,0.10472816002465431,0.10472816002465431
565,6.681039806622366,3.514784467644936,-2.894010220622611,0.10384360565679615,0.10384360565679615
566,6.632995157958008,3.502508643572605,-2.888883072325762,0.10294003977592121,0.10294003977592121
567,6.584999826313187,3.4899840470894974,-2.883799708727969,0.10201812561225562,0.10201812561225562
568,6.537051952464298,3.477212288544079,-2.8787607784893856,0.10107853119626566,0.10107853119626566
569,6.489149677187736,3.4641949782848185,-2.873766908637944,0.10012192827406698,0.10012192827406698
570,6.441291141259903,3.4509337266601845,-2.8688187045170404,0.09914899124095357,0.09914899124095357
571,6.393474485457185,3.4374301440186414,-2.863916749760331,0.0981603961036746,0.0981603961036746
572,6.34569785055598,3.423685840708657,-2.8590616062928302,0.09715681947081027,0.09715681947081027
573,6.297959377332687,3.4097024270787015,-2.8542538143574445,0.09613893757671975,0.09613893757671975
574,6.2502572065637025,3.395481513477241,-2.8494938925663553,0.09510742532439227,0.09510742532439227
575,6.202589479025418,3.381024710252742,-2.8447823379762758,0.09406295537961755,0.09406295537961755
576,6.154954335494232,3.366333627753672,-2.8401196261866275,0.09300619728443583,0.09300619728443583
577,6.107349916746536,3.3514098763284976,-2.835506211459891,0.09193781661580133,0.09193781661580133
578,6.059774363558727,3.336255066325688,-2.8309425268630473,0.09085847417759225,0.09085847417759225
579,6.012225816707204,3.320870808093711,-2.826428984429314,0.0897688252281135,0.0897688252281135
580,5.964702416968357,3.305258711981031,-2.8219659753391806,0.0886695187492301,0.0886695187492301
581,5.917202305118585,3.289420388336118,-2.8175538701196423,0.08756119675633052,0.08756119675633052
582,5.869723621934282,3.273357447507438,-2.8131930188608534,0.08644449363750635,0.08644449363750635
583,5.822264508191844,3.25707149984346,-2.808883751449076,0.08532003554726028,0.08532003554726028
584,5.774823104667667,3.2405641556926494,-2.804626377815037,0.08418843982113586,0.08418843982113586
585,5.727397552138145,3.223837025403474,-2.8004211881967085,0.08305031444727413,0.08305031444727413
586,5.679985991379675,3.206891719324402,-2.7962684534154336,0.08190625756420458,0.08190625756420458
587,5.63258656316865,3.1897298478039002,-2.792168425164593,0.08075685700276435,0.08075685700276435
588,5.585197408281467,3.172353021190436,-2.788121336309786,0.07960268986373362,0.07960268986373362
589,5.537816667494519,3.1547628498324753,-2.7841274011995907,0.0784443221349941,0.0784443221349941
590,5.490442481584208,3.1369609440784894,-2.7801868159859686,0.077282308343675,0.077282308343675
591,5.443072991326925,3.118948914276942,-2.7762997589534972,0.0761171912424873,0.0761171912424873
592,5.395706337499065,3.100728370776302,-2.772466390856436,0.07494950153720857,0.07494950153720857
593,5.348340660877025,3.0823009239250374,-2.7686868552627946,0.07377975764089108,0.07377975764089108
594,5.3009741022372,3.0636681840716142,-2.7649612789046745,0.07260846546385824,0.07260846546385824
595,5.253604802355985,3.0448317615644998,-2.76128977203396,0.07143611823784969,0.07143611823784969
596,5.206230902009778,3.025793266752163,-2.7576725986221025,0.07025656524078372,0.07025656524078372
597,5.158850543096214,3.0065543291552275,-2.7541667996127703,0.06686297001907432,0.06686297001907432
598,5.111462243689202,2.987123010533888,-2.7509670303720903,0.05810811732664879,0.05810811732664879
599,5.0640654422477205,2.96752311031657,-2.7482299515209716,0.04864445811562215,0.04864445811562215
600,5.016659715386199,2.9477807902523367,-2.7459730258953927,0.039273812038981726,0.039273812038981726
601,4.969244639719067,2.9279222120902517,-2.7441933770456077,0.029980680411614544,0.029980680411614544
602,4.921819791860756,2.907973537579378,-2.7428886559269703,0.020749459337268534,0.020749459337268534
603,4.874384748425694,2.8879609284687784,-2.7420570461209444,0.011564482806621453,0.011564482806621453
604,4.826939086028311,2.867910546507516,-2.741697267194332,0.0024100607576238164,0.0024100607576238164
605,4.779482381283037,2.8478485534446545,-2.74180857632302,-0.0067294863679183865,0.0067294863679183865
606,4.732014210804297,2.8278011110292547,-2.742390768263124,-0.01586979510209888,0.01586979510209888
607,4.68453415120653,2.807794381010383,-2.743444173709705,-0.025026427006112156,0.025026427006112156
608,4.637041779104162,2.7878545251371016,-2.7449696560410812,-0.03421483588337154,0.03421483588337154
609,4.589536671111621,2.7680077051584737,-2.7469686064050687,-0.04345033272417299,0.04345033272417299
610,4.542018403843339,2.748280082823561,-2.749442937061705,-0.052748046952496866,0.052748046952496866
611,4.494486553913744,2.7286978198814285,-2.7523950728548883,-0.062122882511872715,0.062122882511872715
612,4.446940697937266,2.709287078081138,-2.7558279406432353,-0.07158946732316411,0.07158946732316411
613,4.399380412528337,2.690074019171753,-2.7597449564776784,-0.08116209457400773,0.08116209457400773
614,4.351805274301382,2.671084804902337,-2.7641500102697174,-0.09085465427816998,0.09085465427816998
615,4.304214859870836,2.6523455970219527,-2.7690474476506837,-0.1006805534987965,0.1006805534987965
616,4.256608745851126,2.633882557279663,-2.7744420486780896,-0.1106526235746822,0.1106526235746822
617,4.208986508856681,2.615721847424532,-2.780339003000897,-0.12078301267824629,0.12078301267824629
618,4.161347725501933,2.597889629205622,-2.786743881052253,-0.1310830620284853,0.1310830620284853
619,4.11369197240131,2.5804120643719957,-2.793662600795711,-0.1415631640837739,0.1415631640837739
620,4.066018826169244,2.5633153146727174,-2.8011013895111145,-0.15223260114243792,0.15223260114243792
621,4.018327863420162,2.54662554185685,-2.809066740070227,-0.16309936287220958,0.16309936287220958
622,3.970618660768494,2.5303689076734557,-2.817565361121265,-0.17416994150844695,0.17416994150844695
623,3.922890794828668,2.514571573871597,-2.8266041205781365,-0.18544910373441512,0.18544910373441512
624,3.8751438422151203,2.49925970220034,-2.8361899817969487,-0.1969396386806356,0.1969396386806356
625,3.8273773795422774,2.484459454408746,-2.8463299318223174,-0.2086420820030285,0.2086420820030285
626,3.7795909834245682,2.4701969922458775,-2.8570309011022585,-0.2205544167018336,0.2205544167018336
627,3.7317842304764235,2.4564984774607996,-2.868299674107504,-0.23267175222383066,0.23267175222383066
628,3.6839566973122713,2.443390071802573,-2.8801427903534633,-0.2449859844806367,0.2449859844806367
629,3.636107960546543,2.430897937020263,-2.8925664354147234,-0.2574854406785271,0.2574854406785271
630,3.5882375967936677,2.4190482348629305,-2.9055763216490935,-0.2701545144381322,0.2701545144381322
631,3.540345182668076,2.407867127079641,-2.9191775585150235,-0.2829732983588025,0.2829732983588025
632,3.492430294784197,2.3973807754194567,-2.933374512577727,-0.29591722320772745,0.29591722320772745
633,3.44449250975646,2.3876153416314394,-2.948170657559926,-0.30895671496893207,0.30895671496893207
634,3.3965314041992953,2.378596987464654,-2.963568415104679,-0.32205688324499476,0.32205688324499476
635,3.3485465547271316,2.3703518746681627,-2.9795689872832116,-0.33517725673459164,0.33517725673459164
636,3.3005375379544004,2.362906164991029,-2.996172182296878,-0.34827158358114246,0.34827158358114246
637,3.2525039304955317,2.356286020182316,-3.013376235285981,-0.3612877162470893,0.3612877162470893
638,3.204445308964954,2.3505176019910876,-3.031177626660823,-0.37416760186864884,0.37416760186864884
639,3.1563612499770954,2.3456270721664048,-3.049570900898715,-0.38684739968037896,0.38684739968037896
640,3.1082513301463837,2.341640592457332,-3.0685484892865547,-0.3992577467083759,0.3992577467083759
641,3.060115126087258,2.3385843246129334,-3.0881005406090423,-0.4113241913946265,0.4113241913946265
642,3.011952214414142,2.33648443038227,-3.108214764258265,-0.4229678117309115,0.4229678117309115
643,2.963762171741467,2.3353670715144066,-3.1288762906370087,-0.4341060298175003,0.4341060298175003
644,2.9155445746836617,2.335258409758406,3.133117753169511,-0.44465362838048184,0.44465362838048184
645,2.867298999855155,2.3361846068633305,3.1114171040947056,-0.4545239666039959,0.4545239666039959
646,2.8190250238703785,2.3381718245782444,3.0892302626422836,-0.4636303830443014,0.4636303830443014
647,2.7707222233437605,2.341246224652209,3.06658328277051,-0.47188776257848597,0.47188776257848597
648,2.7223901748897323,2.3454339688342905,3.0435050554175134,-0.4792142329186822,0.4792142329186822
649,2.6740284551227225,2.350761218873549,3.0200272390081278,-0.4855329450307799,0.4855329450307799
650,2.6256366406571603,2.3572541365190482,2.996184141604168,-0.4907738814784492,0.4907738814784492
651,2.577214308107478,2.3649388835198533,2.972012553484069,-0.49487562853962364,0.49487562853962364
652,2.528761034088103,2.373841621625025,2.9475515304383735,-0.49778704257041145,0.49778704257041145
653,2.4802763952134654,2.3839885125836275,2.9228421297065403,-0.49946873947394216,0.49946873947394216
654,2.431759968097995,2.3954057181447244,2.8979271021771797,-0.4998943389251101,0.4998943389251101
655,2.3832113293561226,2.4081194000573776,2.872847868798547,-0.4991630225681329,0.4991630225681329
656,2.334630691035698,2.4221558248417954,2.8472276002141848,-0.5144714801647686,0.5144714801647686
657,2.2861131952976064,2.43755691122695,2.819714993622528,-0.5685207828760085,0.5685207828760085
658,2.2379489549854177,2.4543967249785283,2.7890369027195754,-0.6365619655775003,0.6365619655775003
659,2.1904520380714776,2.47275328161708,2.754657582844263,-0.716717738515768,0.716717738515768
660,2.1439365125281142,2.492704596663161,2.716073253163746,-0.81134222549372,0.81134222549372
661,2.09871644632766,2.514328685637327,2.672702441145664,-0.9229946603196578,0.9229946603196578
662,2.055105907442449,2.53770356406013,2.623887026203832,-1.0542512072815249,1.0542512072815249
663,2.013418963844815,2.5629072474521264,2.568902987283203,-1.2073065912168146,1.2073065912168146
664,1.9739696835070906,2.5900177513338702,2.506988082422028,-1.3832483465741547,1.3832483465741547
665,1.9370721344016097,2.619113091225915,2.437396373937834,-1.5808830327609302,1.5808830327609302
666,1.903040384500706,2.650271282648816,2.3594910594967873,-1.7950793166546688,1.7950793166546688
667,1.8721885017767121,2.6835703411231266,2.2728843900247546,-2.014866273827095,2.014866273827095
668,1.8448305542019618,2.7190882821694013,2.1776215977909796,-2.2220595363075772,2.2220595363075772
669,1.8212806097487888,2.7569031213081945,2.0743802941881517,-2.3918303008475563,2.3918303008475563
670,1.8018527363895265,2.797092874060062,1.9646224616999182,-2.4966795163076605,2.4966795163076605
671,1.786860885161767,2.8397355116911234,1.8526358740796032,-2.428067219563412,2.428067219563412
672,1.776444913022926,2.8848431188494716,1.7487932422525736,-2.0471291053184233,2.0471291053184233
673,1.7702211121233573,2.932229634936539,1.6607856992642793,-1.6399243975445632,1.6399243975445632
674,1.767707753994809,2.981671903048988,1.5886464279918724,-1.2844975289188891,1.2844975289188891
675,1.7684231101690309,3.032946766283487,1.530709022780311,-0.9862284998327938,0.9862284998327938
676,1.7718854521777734,3.0858310677366876,1.4852425163846457,-0.7394129228353569,0.7394129228353569
677,1.7776130515527853,3.1401016505052555,1.4507005764032825,-0.5343773247149854,0.5343773247149854
678,1.7851241798258162,3.1955353576858547,1.4258190670165156,-0.36102653398081647,0.36102653398081647
679,1.7939371085286164,3.251909032375148,1.4096357011672755,-0.2102059418948162,0.2102059418948162
680,1.8035701091929344,3.3089995176697955,1.4014769169455727,-0.07398018215017778,0.07398018215017778
681,1.81354145335052,3.3665836566664606,1.4009355917680406,0.05454037750522421,0.05454037750522421
682,1.8233694125331237,3.424438292461806,1.4078503461982916,0.18151601393121125,0.18151601393121125
683,1.8325722582724944,3.4823402681524938,1.422290150542735,0.31269461800338755,0.31269461800338755
684,1.8406682621003818,3.5400664268351862,1.4445439040647594,0.4536519620301861,0.4536519620301861
685,1.8471756955485352,3.597393611606544,1.4750602495255631,0.6080637433622884,0.6080637433622884
686,1.85161879162329,3.6540992351494346,1.5127387091765598,0.7201370830769455,0.7201370830769455
687,1.8537195240487903,3.7099796031878656,1.554366529688379,0.7706365673389798,0.7706365673389798
688,1.853438630963289,3.7648538340761886,1.5981323594078742,0.8265302791312902,0.8265302791312902
689,1.8507511082361665,3.8185424084167714,1.644303247126332,0.8935681640705302,0.8935681640705302
690,1.8456319517368038,3.8708658068119854,1.6933095651302597,0.973269350522602,0.973269350522602
691,1.8380561573345817,3.9216445098641994,1.7456201489206382,1.0672277720226915,1.0672277720226915
692,1.8279987208988795,3.9706989981757874,1.8017391666439773,1.1769620668724894,1.1769620668724894
693,1.81543463829908,4.017849752349108,1.862196802500929,1.303650239730471,1.303650239730471
694,1.8003389054045633,4.062917252986538,1.9275304570408687,1.4477014855300898,1.4477014855300898
695,1.7826865180847093,4.1057219806904435,1.9982523752247066,1.6081244411813729,1.6081244411813729
696,1.7624524722088997,4.146084416063196,2.07479944620727,1.7816920971064538,1.7816920971064538
697,1.7396117636465145,4.183825039707164,2.157462337388434,1.9620055663781626,1.9620055663781626
698,1.714139388266934,4.218764332224717,2.2462954666639017,2.1387384563319847,2.1387384563319847
699,1.6860103419395398,4.250722774218224,2.341017687573958,2.2975631368035994,2.2975631368035994
700,1.6551996205337118,4.279520846290053,2.4409250428743654,2.421357245214049,2.421357245214049
701,1.6216822318127309,4.304979049491032,2.543723462134464,2.439971697676301,2.439971697676301
702,1.5854810237577128,4.3270001336368455,2.6430813693515818,2.230530556559204,2.230530556559204
703,1.5467754682258645,4.3457561224081305,2.7333659970305275,1.958490189551389,1.958490189551389
704,1.5057770392767271,4.361474058917577,2.813446342623783,1.687320958285925,1.687320958285925
705,1.4626972109698384,4.374380986277875,2.8835868972443794,1.43462965172569,1.43462965172569
706,1.4177474573647402,4.384703947601717,2.9444343650258094,1.208824178082393,1.208824178082393
707,1.3711392525209702,4.392669986001793,2.9968099482274315,1.011980056624434,1.011980056624434
708,1.3230840704980706,4.398506144590795,3.041569111325168,0.8425163280258535,0.8425163280258535
709,1.273793385355575,4.402439466481415,3.0795187426777915,0.697103845579059,0.697103845579059
710,1.2234786711530337,4.404696994786341,3.111374664269489,0.5718178169194761,0.5718178169194761
711,1.1723514019499814,4.405505772618266,3.137744090412687,0.46273904190408727,0.46273904190408727
712,1.1206230518059581,4.405092843089881,-3.1240635099390746,0.3662090678223182,0.3662090678223182
713,1.0685050947805037,4.403685249313878,-3.107292637103155,0.2788875320298764,0.2788875320298764
714,1.016209004933158,4.401510034402945,-3.0948491626685817,0.19770267460426902,0.19770267460426902
715,0.9639462563234615,4.398794241469778,-3.086238381203299,0.13183207794984714,0.13183207794984714
716,0.9118981798660187,4.395730079928943,-3.079579853134326,0.12364858786892739,0.12364858786892739
717,0.860104809665692,4.392346475289946,-3.072937556655108,0.13232431471205197,0.13232431471205197
718,0.8085648138311464,4.388624550133065,-3.065872588613896,0.1411425985037631,0.1411425985037631
719,0.757276855254536,4.384545421010326,-3.058381114106287,0.15009330233458784,0.15009330233458784
720,0.706239596828015,4.380090204473761,-3.050459685192236,0.1591668623085477,0.1591668623085477
721,0.6554517014437367,4.375240017075397,-3.0421052354539433,0.1683520497835186,0.1683520497835186
722,0.6049118319938549,4.369975975367262,-3.033315132668333,0.17763584903058893,0.17763584903058893
723,0.5546186513705239,4.364279195901386,-3.0240872347271064,0.18700334071444855,0.18700334071444855
724,0.5045708224658971,4.358130795229796,-3.0144199485868093,0.19643759431005145,0.19643759431005145
725,0.45476700817212834,4.351511889904521,-3.004312291948054,0.20591957302654137,0.20591957302654137
726,0.40520587138136654,4.34440359647759,-2.9937639572707,0.21542805515622646,0.21542805515622646
727,0.35588607498577585,4.336787031501031,-2.9827753776315706,0.22493957614037322,0.22493957614037322
728,0.3068062818775049,4.328643311526874,-2.9713477938232318,0.23442839593347123,0.23442839593347123
729,0.2579651549487074,4.319953553107148,-2.9594833219791066,0.2438664964222085,0.2438664964222085
730,0.20936135709153716,4.3106988727938775,-2.947185020894198,0.25322361372966845,0.25322361372966845
731,0.16099355119814834,4.300860387139096,-2.93445695809371,0.2624673101746871,0.2624673101746871
732,0.1128604001606943,4.290419212694829,-2.9213042735898296,0.27156309029835557,0.27156309029835557
733,0.06496056687132916,4.279356466013105,-2.9077332401620604,0.2804745649871337,0.2804745649871337
734,0.017292714222206795,4.267653263645955,-2.8937513189046626,0.28916366686647554,0.28916366686647554
735,-0.03014449489451912,4.255290722145406,-2.8793672087122313,0.2975909192158162,0.2975909192158162
736,-0.07735239758669471,4.242249958063485,-2.86459088832524,0.3057157593466128,0.3057157593466128
737,-0.12433233096216603,4.228512087952223,-2.8494336495382426,0.31349691589591516,0.31349691589591516
738,-0.1710856321287795,4.2140582283636485,-2.833908120190482,0.3208928376674436,0.3208928376674436
739,-0.217613638194381,4.19886949584979,-2.818028275615663,0.3278621697911031,0.3278621697911031
740,-0.2639176862668169,4.1829270069626725,-2.801809437328753,0.3343642708338704,0.3343642708338704
741,-0.3099991134539333,4.16621187825433,-2.78526825787599,0.34035976245277566,0.34035976245277566
742,-0.3558592568635762,4.148705226276787,-2.7684226909709926,0.3458111010521961,0.3458111010521961
743,-0.40149945360359685,4.130388167582073,-2.7512919462815493,0.35068315919633164,0.35068315919633164
744,-0.4469210407818316,4.111241818722219,-2.7338964285167164,0.3549438027917144,0.3549438027917144
745,-0.4921253555061317,4.09124729624925,-2.7163624720892723,0.3543563248231566,0.3543563248231566
746,-0.5371156990103243,4.0703962196847625,-2.699331548187024,0.33255958741847047,0.33255958741847047
747,-0.5819051442040262,4.048732461620851,-2.6834813748107846,0.3046694824714371,0.3046694824714371
748,-0.6265097969859793,4.026316113259205,-2.6689573446529136,0.27731336538590223,0.27731336538590223
749,-0.6709457641928215,4.003207270816815,-2.65574156665276,0.25052138823223036,0.25052138823223036
750,-0.7152291526611901,3.9794660305106704,-2.643815421481065,0.2243006817471168,0.2243006817471168
751,-0.7593760692277232,3.955152488557763,-2.6331602520196205,0.19864070065948825,0.19864070065948825
752,-0.8034026207290581,3.930326741175082,-2.623757907930867,0.1735162460444905,0.1735162460444905
753,-0.8473249140018326,3.90504888457962,-2.615591202406244,0.14889015004274817,0.14889015004274817
754,-0.8911590558826846,3.8793790149883667,-2.608644289979856,0.1247156229110008,0.1247156229110008
755,-0.9349211532082515,3.853377228618312,-2.602902974159279,0.10093828101148943,0.10093828101148943
756,-0.9786273128151712,3.827103621686447,-2.598354953058978,0.07749788668068132,0.07749788668068132
757,-1.0222936415400812,3.800618290409763,-2.5949900103614563,0.054329838615665864,0.054329838615665864
758,-1.0659362462196191,3.773981331005249,-2.5928001578797146,0.03136645575176837,0.03136645575176837
759,-1.1095712336904229,3.7472528396898968,-2.591779734827413,0.008538099685520203,0.008538099685520203
760,-1.1532147107891346,3.7204929126806947,-2.5919254676731533,-0.014225818657723155,0.014225818657723155
761,-1.1968827843523828,3.693761646194638,-2.5932364931965384,-0.036995902506408496,0.036995902506408496
762,-1.2405915612168092,3.6671191364487146,-2.5957143460973917,-0.059841857768837776,0.059841857768837776
763,-1.284357148219053,3.640625479659916,-2.5993629112500196,-0.08283156212211776,0.08283156212211776
764,-1.3281956521957503,3.614340772045231,-2.604188339451247,-0.10603007089291522,0.10603007089291522
765,-1.3721231799835396,3.5883251098216533,-2.6101989242933157,-0.12949851679197316,0.12949851679197316
766,-1.4161558384190585,3.562638589206171,-2.6174049366163583,-0.15329286193203573,0.15329286193203573
767,-1.4603097343389442,3.5373413064157746,-2.6258184118819052,-0.17746246264294213,0.17746246264294213
768,-1.5046009745798348,3.512493357667455,-2.635452884793912,-0.202048411274884,0.202048411274884
769,-1.5490456659783676,3.4881548391782045,-2.646323064630459,-0.22708162502396034,0.22708162502396034
770,-1.593659915371181,3.464385847165013,-2.6584444441097017,-0.2525806609297153,0.2525806609297153
771,-1.638459829594912,3.441246477844869,-2.6718328342967106,-0.27854924966246947,0.27854924966246947
772,-1.6834615154861985,3.418796827434766,-2.686503818189173,-0.3049735598134295,0.3049735598134295
773,-1.7286810798816785,3.397096992151693,-2.702466644225181,-0.33160011660535726,0.33160011660535726
774,-1.7741344473490166,3.376206548181969,-2.7194547874607022,-0.34758532957797,0.34758532957797
775,-1.8198284511533902,3.356159133363351,-2.736803426110911,-0.3476909007634385,0.3476909007634385
776,-1.8657568023798086,3.336950946708575,-2.7540812799085073,-0.3463466082609756,0.3463466082609756
777,-1.9119121894777662,3.3185752695542114,-2.771250833572875,-0.34479215712773653,0.34479215712773653
778,-1.9582873008967447,3.301025383236839,-2.788305763328361,-0.3430372549815305,0.3430372549815305
779,-2.004874825086238,3.2842945690930265,-2.80524011662158,-0.3410920811983521,0.3410920811983521
780,-2.051667450495736,3.2683761084593486,-2.822048319849018,-0.33896720403902064,0.33896720403902064
781,-2.098657865574729,3.253263282672377,-2.838725183833848,-0.336673498820886,0.336673498820886
782,-2.1458387587727072,3.2389493730686856,-2.8552659071279147,-0.3342220680437904,0.3342220680437904
783,-2.19320281853916,3.2254276609848462,-2.871666077233402,-0.33162416432918407,0.33162416432918407
784,-2.240742733323578,3.2126914277574334,-2.8879216698547454,-0.328891116879782,0.328891116879782
785,-2.2884511915754504,3.2007339547230185,-2.904029046304824,-0.3260342621040723,0.3260342621040723
786,-2.336320881744268,3.1895485232181757,-2.9199849491998453,-0.32306487886970586,0.32306487886970586
787,-2.3843444922795207,3.1791284145794765,-2.9357864965853415,-0.3199941288151655,0.3199941288151655
788,-2.432514711630698,3.1694669101434956,-2.9514311746409994,-0.31683300195408437,0.31683300195408437
789,-2.4808242282472905,3.160557291246805,-2.966916829114885,-0.3135922677864648,0.3135922677864648
790,-2.5292657305787887,3.152392839225978,-2.982241655638465,-0.31028243196039773,0.31028243196039773
791,-2.5778319070746805,3.1449668354175864,-2.99740418907223,-0.3069136984969629,0.3069136984969629
792,-2.6265154461844573,3.1382725611582045,-3.012403292028759,-0.30349593747538883,0.30349593747538883
793,-2.67530903635761,3.132303297784406,-3.027238142715344,-0.300038658035912,0.300038658035912
794,-2.7242053660436327,3.1270523266327612,-3.0419082222324536,-0.2965509864826727,0.2965509864826727
795,-2.773197123692004,3.122512929039844,-3.056413301457034,-0.2930416492239152,0.2930416492239152
796,-2.822276997752221,3.1186783863422294,-3.070753427631746,-0.2895189602595987,0.2895189602595987
797,-2.871437676673773,3.1155419798764883,-3.0849289107732343,-0.285990812908424,0.285990812908424
798,-2.9206718489061494,3.1130969909791935,-3.0989403100031714,-0.2824646754045436,0.2824646754045436
799,-2.969972202898841,3.1113367009869197,-3.1127884198965883,-0.2789475900381416,0.2789475900381416
800,-3.019331427101338,3.110254391236239,-3.1264742569333706,-0.27544617548600886,0.27544617548600886
801,-3.0687422099631294,3.1098433430637225,-3.13999904612927,-0.2719666319648561,0.2719666319648561
802,-3.118197239933705,3.110096837805945,3.129821099265858,-0.2685147488753652,0.2685147488753652
803,-3.1676892054625565,3.11100815679948,3.116613961866027,-0.2650959146111695,0.2650959146111695
804,-3.2172107949991733,3.1125705813809,3.1035630756864463,-0.2617151282049208,0.2617151282049208
805,-3.2667546969930434,3.114777392886777,3.090666509485769,-0.25837701252220724,0.25837701252220724
806,-3.31631359989366,3.117621872653685,3.077922185571647,-0.25508582871711377,0.25508582871711377
807,-3.365880192150511,3.1210973020181965,3.0653278909633093,-0.25184549170898346,0.25184549170898346
808,-3.415447162213087,3.1251969623168847,3.0528812880683724,-0.24865958642385422,0.24865958642385422
809,-3.4650071985308775,3.129914134886322,3.0405799248572793,-0.24553138460809637,0.24553138460809637
810,-3.5145529895533727,3.135242101063081,3.0284212445237833,-0.24246386200931377,0.24246386200931377
811,-3.5640772237300684,3.1411741421837367,3.016402594624772,-0.2394597157597534,0.2394597157597534
812,-3.6135725895104445,3.1477035395848607,3.0045212356965454,-0.23652138182037208,0.23652138182037208
813,-3.6630317753439936,3.154823574603024,2.9927743493483843,-0.23365105234626185,0.23365105234626185
814,-3.712447469680209,3.1625275285748033,2.9811590458377286,-0.2308506928579431,0.2308506928579431
815,-3.761812360968579,3.170808682836769,2.969672371133402,-0.22812205915458492,0.22812205915458492
816,-3.8111191376585944,3.179660318725495,2.9583113134759595,-0.22546671384683586,0.22546671384683586
817,-3.8603604881997438,3.1890757175775537,2.947072809446226,-0.22288604248817065,0.22288604248817065
818,-3.9095291010415183,3.199048160729519,2.935953749554325,-0.22038126922550758,0.22038126922550758
819,-3.958617664633408,3.2095709295179633,2.924950983363008,-0.21795347195035264,0.21795347195035264
820,-4.007618867424903,3.220637305279459,2.914061324159824,-0.21560359691228953,0.21560359691228953
821,-4.056525397865491,3.232240569350579,2.903281553193589,-0.21333247277965256,0.21333247277965256
822,-4.105329944404666,3.2443740030678976,2.892608423490842,-0.211140824144401,0.211140824144401
823,-4.154025195491915,3.257030887767987,2.8820386632682906,-0.20902928446097635,0.20902928446097635
824,-4.20260383957673,3.2702045047874204,2.8715689789573826,-0.2069984084289228,0.2069984084289228
825,-4.251058565108598,3.283888135462769,2.861196057856928,-0.20504868382963656,0.20504868382963656
826,-4.299382060537011,3.2980750611306084,2.8509165704296486,-0.2031805428241125,0.2031805428241125
827,-4.34756701431146,3.31275856312751,2.840727172257945,-0.2013943727478216,0.2013943727478216
828,-4.3956061148814385,3.3279319227900483,2.8306245056738675,-0.1996905264025535,0.1996905264025535
829,-4.443492050696427,3.3435884214547946,2.820605201077905,-0.19806933188454068,0.19806933188454068
830,-4.49121751020592,3.3597213404583215,2.8106658779602025,-0.19653110197898604,0.19653110197898604
831,-4.538775181859408,3.376323961137203,2.800803145637599,-0.19507614312751384,0.19507614312751384
832,-4.586157754106381,3.393389564828012,2.7910186225477385,-0.19350222048136848,0.19350222048136848
833,-4.633358867992717,3.410911243039689,2.7813482865239814,-0.19062574752795386,0.19062574752795386
834,-4.680378523576182,3.4288808200958485,2.7718395278222854,-0.1871659941612378,0.1871659941612378
835,-4.727219324703212,3.4472896014528853,2.7625075519341245,-0.18366246816607573,0.18366246816607573
836,-4.773883883059008,3.4661288910051358,2.753353675596389,-0.18012185443963724,0.18012185443963724
837,-4.8203748103287625,3.485389992646936,2.7443790076872845,-0.17654897474330186,0.17654897474330186
838,-4.8666947181976745,3.5050642102726197,2.7355844990527425,-0.1729484215461152,0.1729484215461152
839,-4.912846218350939,3.525142847776525,2.726970950502554,-0.16932455255288786,0.16932455255288786
840,-4.958831922473752,3.545617209052989,2.7185390208917175,-0.16568148695231924,0.16568148695231924
841,-5.004654442251309,3.566478597996343,2.710289235242525,-0.1620231032411583,0.1620231032411583
842,-5.050316389368805,3.5877183185009263,2.7022219928675666,-0.15835303846719084,0.15835303846719084
843,-5.095820375511441,3.6093276744610736,2.6943375754564665,-0.15467468882361488,0.15467468882361488
844,-5.141169012364409,3.631297969771121,2.686636155093074,-0.15099121138624588,0.15099121138624588
845,-5.1863649116129125,3.653620508325407,2.679117802173532,-0.14730552693438362,0.14730552693438362
846,-5.231410684942135,3.676286594018262,2.6717824931986507,-0.14362032367612385,0.14362032367612385
847,-5.27630894403728,3.6992875307440243,2.664630118417739,-0.13993806179573792,0.13993806179573792
848,-5.321062300583544,3.7226146223970304,2.6576604893036615,-0.1362609786892375,0.1362609786892375
849,-5.365673366266121,3.7462591728716146,2.650873345842359,-0.13259109478017345,0.13259109478017345
850,-5.410144752770208,3.7702124860621136,2.6442683636225484,-0.12893021982579184,0.12893021982579184
851,-5.454479071781,3.7944658658628634,2.6378451607140265,-0.12527995960236576,0.12527995960236576
852,-5.498678934983698,3.8190106161682,2.6316033043253304,-0.12164172290345868,0.12164172290345868
853,-5.542746954063493,3.8438380408724586,2.6255423172339754,-0.11801672873971097,0.11801672873971097
854,-5.586685740705584,3.868939443869977,2.6196616839843427,-0.11440601370627203,0.11440601370627203
855,-5.630497906595165,3.894306129055087,2.613960856849883,-0.11081043942307327,0.11081043942307327
856,-5.674186063417435,3.9199294003221277,2.6084392615586864,-0.10723069999063915,0.10723069999063915
857,-5.717752822857588,3.945800561565435,2.6030963027822813,-0.10366732943350256,0.10366732943350256
858,-5.76120079660082,3.971910916679342,2.5979313693889985,-0.10012070905624332,0.10012070905624332
859,-5.804532596332328,3.9982517695581867,2.5929438394646533,-0.09659107469094734,0.09659107469094734
860,-5.847750833737309,4.024814424096305,2.588133085104081,-0.09307852379196453,0.09307852379196453
861,-5.890858120500958,4.051590184188031,2.583498476977854,-0.0895830223626816,0.0895830223626816
862,-5.933857068308475,4.078570353727705,2.5790393886794645,-0.08610441166677389,0.08610441166677389
863,-5.976750288845049,4.105746236609656,2.574755200858627,-0.08264241473810988,0.08264241473810988
864,-6.01954039379588,4.133109136728224,2.570645305146984,-0.07919664263449706,0.07919664263449706
865,-6.062229994846162,4.160650357977744,2.5667091078828084,-0.07576660046564679,0.07576660046564679
866,-6.104821703681095,4.188361204252553,2.5629460336415746,-0.0723516931464182,0.0723516931464182
867,-6.147318131985873,4.216232979446984,2.5593555285794016,-0.06895123091274494,0.06895123091274494
868,-6.189721891445694,4.244256987455376,2.555937063596697,-0.06556443454782569,0.06556443454782569
869,-6.232035593745751,4.272424532172062,2.552690137329058,-0.062190440381285746,0.062190440381285746
870,-6.274261850571241,4.300726917491379,2.5496142789725647,-0.05882830499713313,0.05882830499713313
871,-6.316403273607363,4.329155447307664,2.5467090509507333,-0.05547700971319792,0.05547700971319792
872,-6.3584624745393095,4.35770142551525,2.543974051429753,-0.05213546480002025,0.05213546480002025
873,-6.40044206505228,4.3863561560084765,2.541408916688999,-0.0488025134633382,0.0488025134633382
874,-6.442344656831469,4.415110942681677,2.5390133233531302,-0.04547693560107774,0.04547693560107774
875,-6.484172861562072,4.443957089429187,2.536786990491924,-0.042157451339116615,0.042157451339116615
876,-6.5259292909292865,4.472885900145344,2.5347296815939244,-0.03884272435434052,0.03884272435434052
877,-6.567616556618308,4.501888678724482,2.5328412064191994,-0.03553136501892962,0.03553136501892962
878,-6.609237270314332,4.530956729060938,2.531121422736417,-0.03222193334574438,0.03222193334574438
879,-6.650794043702561,4.56008135504905,2.529570237949075,-0.02891294178355594,0.02891294178355594
880,-6.692289488468179,4.589253860583148,2.5281876106150682,-0.025602857850697318,0.025602857850697318
881,-6.733726216296391,4.6184655495575715,2.5269735518634517,-0.022290106645966177,0.022290106645966177
882,-6.775106838872391,4.647707725866657,2.525928126711875,-0.01897307322675419,0.01897307322675419
883,-6.816433967881375,4.676971693404738,2.525051455287461,-0.015650104907070517,0.015650104907070517
884,-6.85771021500854,4.706248756066152,2.524343713953521,-0.012319513452982649,0.012319513452982649
885,-6.89893819193908,4.735530217745234,2.5238051363440452,-0.008979577232089548,0.008979577232089548
886,-6.940120510358193,4.76480738233632,2.5234360143070576,-0.005628543310311072,0.005628543310311072
887,-6.981259781951076,4.7940715537337475,2.523236698757756,-0.002264629526455498,0.002264629526455498
888,-7.022358618402923,4.8233140358318485,2.523207600441342,0.0011139734271276257,0.0011139734271276257
889,-7.063419631398931,4.852526132524961,2.5233491906052152,0.004509099919113716,0.004509099919113716
890,-7.104445432624296,4.881699147707422,2.5236900010335352,0.00903636099379277,0.00903636099379277
891,-7.145439565618768,4.9108215909327795,2.5249203294239053,0.039950197132355626,0.039950197132355626
892,-7.186427558078529,4.939816048135095,2.5283810436830767,0.09808549236574313,0.09808549236574313
893,-7.227457232682412,4.968538249558164,2.5347989029521054,0.15847983475750574,0.15847983475750574
894,-7.26857740613289,4.9968409446793265,2.5442461586456258,0.2203970899606631,0.2203970899606631
895,-7.30983689513244,5.024576882975919,2.556779341629259,0.28425020144735164,0.28425020144735164
896,-7.351284516383532,5.051598813925278,2.5724672125936228,0.350386040736804,0.350386040736804
897,-7.3929690865886455,5.077759487004743,2.5913878260332686,0.41905184415232144,0.41905184415232144
898,-7.434939422450251,5.102911651691652,2.613624401946871,0.4903523756118996,0.4903523756118996
899,-7.477244340670822,5.126908057463339,2.639259753275591,0.5641970674792788,0.5641970674792788
900,-7.519932657952834,5.149601453797144,2.6683690230128896,0.6402380264980911,0.6402380264980911
901,-7.563053190998762,5.170844590170406,2.7010105457999574,0.7178025054372299,0.7178025054372299
902,-7.606654756511079,5.190490216060461,2.737214791870184,0.7958274091454628,0.7958274091454628
903,-7.6507861711922605,5.208391080944645,2.776971603663398,0.8728084411804085,0.8728084411804085
904,-7.6954962517447765,5.224399934300299,2.8202163134356586,0.946781728369298,0.946781728369298
905,-7.740833814871106,5.2383695256047575,2.866751309803558,1.0126437679080855,1.0126437679080855
906,-7.786846157560048,5.250158537440143,2.914518596743411,0.9960011554999797,0.9960011554999797
907,-7.833538532923784,5.259789795628025,2.9595413870124974,0.8911232788064423,0.8911232788064423
908,-7.88086978747435,5.267467301711436,2.9996302841958618,0.7803990236584221,0.7803990236584221
909,-7.928796372798438,5.273404407246698,3.034671776265484,0.6709178185405064,0.6709178185405064
910,-7.977274740482733,5.277814463790133,3.0647278400671105,0.5645227384747483,0.5645227384747483
911,-8.026261342113925,5.280910822898063,3.089906895459202,0.462232443360623,0.462232443360623
912,-8.0757126292787,5.2829068361268074,3.110341090697668,0.3644253545392993,0.3644253545392993
913,-8.125585053563745,5.284015855032691,3.1261688123670544,0.2710169551638478,0.2710169551638478
914,-8.175835066555756,5.284451231172035,3.137522017380251,0.1816117739807436,0.1816117739807436
915,-8.226419119841411,5.284426316101163,-3.138667628468179,0.09562503581583949,0.09562503581583949
916,-8.277293665007402,5.284154461376395,-3.1359327140702202,0.012376601294451842,0.012376601294451842
917,-8.328415153640417,5.283849018554052,-3.137384406570322,-0.068836698267654,0.068836698267654
918,-8.379740037327146,5.283723339190458,3.140213831196476,-0.14868326388311406,0.14868326388311406
919,-8.431224767654276,5.283990774841936,3.1305213742120532,-0.22774678709239454,0.22774678709239454
920,-8.482825796209001,5.284864677059775,3.1172116076777567,-0.2880519677722114,0.2880519677722114
921,-8.534504497338357,5.286509341734696,3.102634664019674,-0.275866434797724,0.275866434797724
922,-8.586241660606381,5.288895590705459,3.08911673409659,-0.24622648785290657,0.24622648785290657
923,-8.638022861388935,5.29194655484717,3.0771041112683815,-0.21703573189168446,0.21703573189168446
924,-8.689833675061887,5.295585365034937,3.0665808582707648,-0.18827068109407144,0.18827068109407144
925,-8.741659677001108,5.29973515214387,3.0575321763246404,-0.15988779682733084,0.15988779682733084
926,-8.793486442582457,5.304319047049073,3.0499450500510727,-0.1318268790826668,0.1318268790826668
927,-8.845299547181806,5.309260180625658,3.043808784169842,-0.10401402065283852,0.10401402065283852
928,-8.89708456617502,5.3144816837487285,3.03911544386067,-0.07636415770112648,0.07636415770112648
929,-8.948827074937967,5.319906687293394,3.0358602094350737,-0.04878327224081243,0.04878327224081243
930,-9.000512648846511,5.325458322134765,3.034041654181117,-0.021170317514643783,0.021170317514643783
931,-9.052126863276525,5.331059719147947,3.0336619520563604,0.0065810518303933705,0.0065810518303933705
932,-9.103655293603866,5.336634009208046,3.0347270194232063,0.03458085439730474,0.03458085439730474
933,-9.155083515204405,5.342104323190173,3.037246592306028,0.06294116369341828,0.06294116369341828
934,-9.206397103454009,5.3473937919694325,3.041234237736356,0.09177439172949264,0.09177439172949264
935,-9.257581633728543,5.352425546420936,3.046707294663982,0.12119136209051524,0.12119136209051524
936,-9.308622681403877,5.357122717419789,3.0536867366623737,0.15129905227420826,0.15129905227420826
937,-9.359505821855876,5.361408435841098,3.0621969452810394,0.18219787838171908,0.18219787838171908
938,-9.410216630460404,5.365205832559973,3.072265379458783,0.21397839050452663,0.21397839050452663
939,-9.460740682593332,5.368438038451523,3.0839221230242497,0.24671724753492247,0.24671724753492247
940,-9.511063553630525,5.371028184390851,3.0971992891701974,0.28047234902721224,0.28047234902721224
941,-9.561170818947849,5.372899401253069,3.112130258193608,0.3152770245262565,0.3152770245262565
942,-9.61104805392117,5.373974819913284,3.1287487231779854,0.3511332237822813,0.3511332237822813
943,-9.660680833926355,5.374177571246602,-3.1360977889260453,0.38800372262232025,0.38800372262232025
944,-9.710054734339275,5.373430786128134,-3.1160081008030187,0.4258034668257349,0.4258034668257349
945,-9.759155330535787,5.371657595432982,-3.0941408980259015,0.4643903277714386,0.4643903277714386
946,-9.807968197891766,5.36878113003626,-3.0704754360219004,0.5035557430910477,0.5035557430910477
947,-9.856478911783077,5.364724520813073,-3.044999040695377,0.5430159593953912,0.5430159593953912
948,-9.904673047585588,5.3594108986385285,-3.017709530346883,0.5824048686527433,0.5824048686527433
949,-9.95253618067516,5.352763394387736,-2.988617808676322,0.6212697022090273,0.6212697022090273
950,-10.000053886427661,5.344705138935801,-2.957750537368401,0.6590710650450795,0.6590710650450795
